t_ms,mode,run,el,er,yaw,yr,pc,hd,dp,OL,OR,hi,sb,lp
219,S,1,0,0,0.0,0.0,102,0,0,102,102,-0.000,0,0.00
220,S,1,0,0,0.0,0.0,102,0,0,102,102,-0.000,0,0.00
432,S,1,140,142,0.0,0.7,99,-2,-2,97,101,-0.000,0,0.00
432,S,1,140,142,0.0,0.7,99,-2,-2,97,101,-0.000,0,0.00
653,S,1,230,230,0.1,0.1,96,-1,0,95,97,-0.000,0,0.00
654,S,1,230,230,0.1,0.1,96,-1,0,95,97,-0.000,0,0.00
875,S,1,235,236,-0.2,-0.5,93,3,2,96,90,0.000,0,0.00
875,S,1,235,236,-0.2,-0.5,93,3,2,96,90,0.000,0,0.00
1095,S,1,231,232,-0.3,0.1,91,1,0,92,90,0.000,0,0.00
1096,S,1,231,232,-0.3,0.1,91,1,0,92,90,0.000,0,0.00
1227,S,1,134,132,-0.2,0.8,92,-1,-3,91,93,0.010,0,0.00
1227,S,1,134,132,-0.2,0.8,92,-1,-3,91,93,0.010,0,0.00
1359,S,1,125,128,-0.2,0.1,45,1,0,81,79,0.010,0,0.00
1360,S,1,125,128,-0.2,0.1,45,1,0,81,79,0.010,0,0.00
1572,S,1,198,198,-0.2,-0.4,58,3,1,83,77,0.010,0,0.00
1572,S,1,198,198,-0.2,-0.4,58,3,1,83,77,0.010,0,0.00
1793,S,1,189,181,-0.1,-0.3,67,2,1,82,78,0.010,0,0.00
1794,S,1,189,181,-0.1,-0.3,67,2,1,82,78,0.010,0,0.00
2015,S,1,177,178,-0.0,0.3,73,-1,-1,79,81,0.010,0,0.00
2015,S,1,177,178,-0.0,0.3,73,-1,-1,79,81,0.010,0,0.00
2146,S,1,111,109,-0.0,-0.0,80,0,0,80,80,0.010,0,0.00
2147,S,1,0,0,-0.0,-0.0,86,0,0,86,86,0.010,0,0.00
2279,S,1,110,108,0.1,0.4,42,-2,-1,78,82,0.010,0,0.00
2490,S,1,181,182,0.2,0.3,56,-2,-1,78,82,0.010,0,0.00
2491,S,1,181,182,0.2,0.3,56,-2,-1,78,82,0.010,0,0.00
2712,S,1,187,188,0.2,0.1,65,-2,0,78,82,0.000,0,0.00
2712,S,1,187,188,0.2,0.1,65,-2,0,78,82,0.000,0,0.00
2933,S,1,189,182,0.3,0.5,72,-4,-2,76,84,0.000,0,0.00
2933,S,1,189,182,0.3,0.5,72,-4,-2,76,84,0.000,0,0.00
3154,S,1,180,185,0.2,0.1,77,-2,0,78,82,-0.000,0,0.00
3155,S,1,180,185,0.2,0.1,77,-2,0,78,82,-0.000,0,0.00
3286,S,1,103,105,0.2,-0.6,82,1,2,83,81,-0.000,0,0.00
3286,S,1,103,105,0.2,-0.6,82,1,2,83,81,-0.000,0,0.00
3418,S,1,106,106,-0.2,-0.6,43,4,2,84,76,-0.000,0,0.00
3419,S,1,106,106,-0.2,-0.6,43,4,2,84,76,-0.000,0,0.00
3631,S,1,183,183,-0.2,0.5,56,0,-1,80,80,-0.000,0,0.00
3631,S,1,183,183,-0.2,0.5,56,0,-1,80,80,-0.000,0,0.00
3852,S,1,187,185,0.0,0.3,65,-1,-1,79,81,-0.000,0,0.00
3853,S,1,187,185,0.0,0.3,65,-1,-1,79,81,-0.000,0,0.00
4074,S,1,191,191,0.0,0.3,71,-1,-1,79,81,-0.000,0,0.00
4075,S,1,191,191,0.0,0.3,71,-1,-1,79,81,-0.000,0,0.00
4294,S,1,185,185,-0.0,-0.1,76,0,0,80,80,-0.000,0,0.00
4295,S,1,185,185,-0.0,-0.1,76,0,0,80,80,-0.000,0,0.00
4426,S,1,102,101,-0.1,-0.5,81,2,1,83,79,-0.000,0,0.00
4426,S,1,102,101,-0.1,-0.5,81,2,1,83,79,-0.000,0,0.00
4558,S,1,104,103,-0.2,-0.4,44,3,1,83,77,-0.000,0,0.00
4559,S,1,104,103,-0.2,-0.4,44,3,1,83,77,-0.000,0,0.00
4680,S,1,106,108,-0.2,-0.0,58,1,0,81,79,0.000,0,0.00
4685,S,1,106,108,-0.2,-0.0,58,1,0,81,79,0.000,0,0.00
4814,S,1,100,103,-0.3,-0.2,1,2,1,82,78,0.000,0,0.00
5026,S,1,178,175,-0.3,-0.1,29,2,0,82,78,0.000,0,0.00
5026,S,1,178,175,-0.3,-0.1,29,2,0,82,78,0.000,0,0.00
5149,S,1,103,101,-0.2,0.3,50,1,-1,81,79,0.010,0,0.00
5153,S,1,103,101,-0.2,0.3,50,1,-1,81,79,0.010,0,0.00
5273,S,1,88,90,-0.1,0.4,4,-1,-1,79,81,0.010,0,0.00
5396,S,1,103,103,-0.1,-0.8,32,3,3,83,77,0.010,0,0.00
5400,S,1,0,1,-0.1,-0.8,55,3,3,83,77,0.010,0,0.00
5506,S,1,83,79,-0.2,0.9,42,-2,-3,78,82,0.010,0,0.00
5717,S,1,169,170,-0.3,0.4,57,0,-1,80,80,0.010,0,0.00
5718,S,1,169,170,-0.3,0.4,57,0,-1,80,80,0.010,0,0.00
5930,S,1,171,173,-0.3,-0.5,68,3,2,83,77,0.010,0,0.00
5930,S,1,171,173,-0.3,-0.5,68,3,2,83,77,0.010,0,0.00
6152,S,1,189,187,-0.3,-0.9,75,5,3,85,75,0.020,0,0.00
6152,S,1,189,187,-0.3,-0.9,75,5,3,85,75,0.020,0,0.00
6373,S,1,182,181,-0.2,0.1,81,1,0,82,80,0.020,0,0.00
6373,S,1,182,181,-0.2,0.1,81,1,0,82,80,0.020,0,0.00
6504,S,1,109,109,-0.1,0.5,86,-1,-2,85,87,0.020,0,0.00
6505,S,1,109,109,-0.1,0.5,86,-1,-2,85,87,0.020,0,0.00
6637,S,1,112,110,0.0,-0.3,25,1,1,81,79,0.020,0,0.00
6849,S,1,189,186,-0.0,-1.0,45,3,3,83,77,0.020,0,0.00
6849,S,1,189,186,-0.0,-1.0,45,3,3,83,77,0.020,0,0.00
7070,S,1,177,175,0.1,0.2,59,-1,-1,79,81,0.020,0,0.00
7070,S,1,177,175,0.1,0.2,59,-1,-1,79,81,0.020,0,0.00
7291,S,1,185,180,0.2,-0.1,68,-1,0,79,81,0.020,0,0.00
7292,S,1,185,180,0.2,-0.1,68,-1,0,79,81,0.020,0,0.00
7513,S,1,182,188,0.2,-0.3,75,0,1,80,80,0.010,0,0.00
7513,S,1,182,188,0.2,-0.3,75,0,1,80,80,0.010,0,0.00
7644,S,1,108,107,0.2,0.3,82,-2,-1,80,84,0.010,0,0.00
7644,S,1,108,107,0.2,0.3,82,-2,-1,80,84,0.010,0,0.00
7776,S,1,107,106,0.3,0.6,34,-4,-2,76,84,0.010,0,0.00
7777,S,1,1,0,0.3,0.6,54,-4,-2,76,84,0.010,0,0.00
7989,S,1,182,183,0.3,0.9,61,-4,-3,76,84,0.010,0,0.00
7989,S,1,182,183,0.3,0.9,61,-4,-3,76,84,0.010,0,0.00
8211,S,1,178,181,0.0,-0.8,70,2,3,82,78,0.010,0,0.00
8211,S,1,178,181,0.0,-0.8,70,2,3,82,78,0.010,0,0.00
8432,S,1,181,177,-0.1,0.2,76,0,-1,80,80,0.010,0,0.00
8432,S,1,181,177,-0.1,0.2,76,0,-1,80,80,0.010,0,0.00
8564,S,1,106,109,-0.0,0.4,82,-1,-1,81,83,0.010,0,0.00
8564,S,1,106,109,-0.0,0.4,82,-1,-1,81,83,0.010,0,0.00
8696,S,1,105,107,-0.0,0.4,25,-1,-1,79,81,0.010,0,0.00
8908,S,1,184,185,-0.1,-0.0,44,1,0,81,79,0.010,0,0.00
8908,S,1,184,185,-0.1,-0.0,44,1,0,81,79,0.010,0,0.00
9129,S,1,185,183,-0.1,0.7,57,-2,-2,78,82,0.010,0,0.00
9130,S,1,185,183,-0.1,0.7,57,-2,-2,78,82,0.010,0,0.00
9351,S,1,183,182,-0.1,-0.3,66,1,1,81,79,0.010,0,0.00
9351,S,1,183,182,-0.1,-0.3,66,1,1,81,79,0.010,0,0.00
9572,S,1,181,180,-0.2,-1.0,73,4,3,84,76,0.020,0,0.00
9572,S,1,181,180,-0.2,-1.0,73,4,3,84,76,0.020,0,0.00
9703,S,1,107,106,-0.2,-0.2,79,2,0,82,78,0.020,0,0.00
9704,S,1,107,106,-0.2,-0.2,79,2,0,82,78,0.020,0,0.00
9836,S,1,105,103,0.1,0.1,13,-1,0,79,81,0.020,0,0.00
9957,S,1,106,104,0.1,0.2,37,-1,-1,79,81,0.020,0,0.00
9962,S,1,106,104,0.1,0.2,37,-1,-1,79,81,0.020,0,0.00
10091,S,1,94,96,0.1,0.5,1,-2,-2,78,82,0.020,0,0.00
10213,S,1,101,103,0.1,0.7,31,-3,-2,77,83,0.010,0,0.00
10217,S,1,3,3,0.1,0.7,55,-3,-2,77,83,0.010,0,0.00
10337,S,1,91,91,0.1,0.6,12,-3,-2,77,83,0.010,0,0.00
10459,S,1,100,97,0.1,0.3,39,-2,-1,78,82,0.010,0,0.00
10463,S,1,100,97,0.1,0.3,39,-2,-1,78,82,0.010,0,0.00
10592,S,1,93,90,0.2,-0.3,1,0,1,80,80,0.010,0,0.00
10804,S,1,160,164,0.1,-0.8,30,2,3,82,78,0.010,0,0.00
10804,S,1,160,164,0.1,-0.8,30,2,3,82,78,0.010,0,0.00
11017,S,1,165,163,0.1,-0.5,50,1,2,81,79,0.010,0,0.00
11017,S,1,165,163,0.1,-0.5,50,1,2,81,79,0.010,0,0.00
11230,S,1,171,166,0.2,-0.4,64,0,1,80,80,0.010,0,0.00
11230,S,1,171,166,0.2,-0.4,64,0,1,80,80,0.010,0,0.00
11451,S,1,170,175,0.3,0.4,73,-3,-1,77,83,0.010,0,0.00
11451,S,1,170,175,0.3,0.4,73,-3,-1,77,83,0.010,0,0.00
11582,S,1,104,105,0.3,0.3,82,-3,-1,79,85,0.000,0,0.00
11583,S,1,104,105,0.3,0.3,82,-3,-1,79,85,0.000,0,0.00
11715,S,1,104,102,0.2,-0.5,4,0,2,80,80,0.000,0,0.00
11927,S,1,172,169,0.3,0.2,31,-3,-1,77,83,0.000,0,0.00
11927,S,1,0,1,0.3,0.2,54,-3,-1,77,83,-0.000,0,0.00
12148,S,1,154,157,0.2,-0.1,63,-1,0,79,81,-0.000,0,0.00
12148,S,1,154,157,0.2,-0.1,63,-1,0,79,81,-0.000,0,0.00
12370,S,1,161,159,-0.0,0.0,73,0,0,80,80,-0.000,0,0.00
12370,S,1,161,159,-0.0,0.0,73,0,0,80,80,-0.000,0,0.00
12591,S,1,163,163,0.0,0.1,80,-1,0,79,81,-0.000,0,0.00
12591,S,1,163,163,0.0,0.1,80,-1,0,79,81,-0.000,0,0.00
12811,S,1,157,159,0.1,0.3,84,-2,-1,82,86,-0.000,0,0.00
12812,S,1,157,159,0.1,0.3,84,-2,-1,82,86,-0.000,0,0.00
12943,S,1,98,98,0.1,-0.2,89,0,1,89,89,-0.000,0,0.00
12943,S,1,98,98,0.1,-0.2,89,0,1,89,89,-0.000,0,0.00
13074,S,1,102,101,0.1,0.2,6,-1,-1,79,81,-0.000,0,0.00
13286,S,1,181,182,0.1,-0.8,32,2,3,82,78,-0.000,0,0.00
13286,S,1,181,182,0.1,-0.8,32,2,3,82,78,-0.000,0,0.00
13507,S,1,170,166,0.2,-0.6,50,1,2,81,79,-0.010,0,0.00
13508,S,1,170,166,0.2,-0.6,50,1,2,81,79,-0.010,0,0.00
13729,S,1,174,172,0.2,0.6,63,-3,-2,77,83,-0.010,0,0.00
13729,S,1,174,172,0.2,0.6,63,-3,-2,77,83,-0.010,0,0.00
13950,S,1,173,176,0.3,0.4,71,-3,-1,77,83,-0.010,0,0.00
13951,S,1,173,176,0.3,0.4,71,-3,-1,77,83,-0.010,0,0.00
14171,S,1,170,170,0.2,0.3,78,-3,-1,77,83,-0.010,0,0.00
14171,S,1,170,170,0.2,0.3,78,-3,-1,77,83,-0.010,0,0.00
14302,S,1,104,106,0.2,-0.3,83,0,1,83,83,-0.010,0,0.00
14302,S,1,104,106,0.2,-0.3,83,0,1,83,83,-0.010,0,0.00
14434,S,1,105,108,0.1,-0.7,14,2,2,82,78,-0.010,0,0.00
14435,S,1,105,108,0.1,-0.7,14,2,2,82,78,-0.010,0,0.00
14647,S,1,188,180,0.1,0.6,36,-3,-2,77,83,-0.020,0,0.00
14647,S,1,188,180,0.1,0.6,36,-3,-2,77,83,-0.020,0,0.00
14868,S,1,179,182,0.1,0.1,52,-1,0,79,81,-0.020,0,0.00
14869,S,1,179,182,0.1,0.1,52,-1,0,79,81,-0.020,0,0.00
15090,S,1,182,184,-0.1,-0.5,63,2,2,82,78,-0.020,0,0.00
15090,S,1,182,184,-0.1,-0.5,63,2,2,82,78,-0.020,0,0.00
15221,S,1,121,116,-0.1,-0.5,73,2,2,82,78,-0.020,0,0.00
15221,S,1,121,116,-0.1,-0.5,73,2,2,82,78,-0.020,0,0.00
15353,S,1,119,113,0.2,1.4,1,-6,-4,74,86,-0.020,0,0.00
15354,S,1,119,113,0.2,1.4,1,-6,-4,74,86,-0.020,0,0.00
15566,S,1,194,200,0.5,0.8,31,-5,-3,75,85,-0.020,0,0.00
15566,S,1,194,200,0.5,0.8,31,-5,-3,75,85,-0.020,0,0.00
15788,S,1,201,199,0.3,0.1,52,-2,0,78,82,-0.020,0,0.00
15788,S,1,201,199,0.3,0.1,52,-2,0,78,82,-0.020,0,0.00
16009,S,1,189,189,0.3,-0.3,67,-1,1,79,81,-0.030,0,0.00
16010,S,1,189,189,0.3,-0.3,67,-1,1,79,81,-0.030,0,0.00
16141,S,1,112,112,0.4,0.4,80,-4,-1,76,84,-0.030,0,0.00
16141,S,1,112,112,0.4,0.4,80,-4,-1,76,84,-0.030,0,0.00
16273,S,1,119,122,0.2,0.5,1,-3,-2,77,83,-0.030,0,0.00
16274,S,1,119,122,0.2,0.5,1,-3,-2,77,83,-0.030,0,0.00
16396,S,1,122,127,0.1,-0.6,35,1,2,81,79,-0.030,0,0.00
16400,S,1,1,1,0.1,-0.6,61,1,2,81,79,-0.030,0,0.00
16529,S,1,116,116,0.0,-0.1,32,0,0,80,80,-0.030,0,0.00
16651,S,1,114,112,0.0,0.6,57,-2,-2,78,82,-0.030,0,0.00
16655,S,1,114,112,0.0,0.6,57,-2,-2,78,82,-0.030,0,0.00
16775,S,1,103,104,-0.0,-0.9,4,3,3,83,77,-0.030,0,0.00
16987,S,1,199,197,-0.1,1.3,34,-4,-4,76,84,-0.030,0,0.00
16987,S,1,199,197,-0.1,1.3,34,-4,-4,76,84,-0.030,0,0.00
17209,S,1,197,198,-0.2,1.2,56,-3,-4,77,83,-0.030,0,0.00
17209,S,1,197,198,-0.2,1.2,56,-3,-4,77,83,-0.030,0,0.00
17430,S,1,197,202,-0.3,-0.0,71,2,0,82,78,-0.030,0,0.00
17430,S,1,197,202,-0.3,-0.0,71,2,0,82,78,-0.030,0,0.00
17561,S,1,119,120,-0.4,-0.9,83,5,3,88,78,-0.020,0,0.00
17561,S,1,119,120,-0.4,-0.9,83,5,3,88,78,-0.020,0,0.00
17693,S,1,115,110,-0.4,0.6,3,0,-2,80,80,-0.020,0,0.00
17904,S,1,194,192,-0.1,0.8,33,-2,-2,78,82,-0.020,0,0.00
17905,S,1,194,192,-0.1,0.8,33,-2,-2,78,82,-0.020,0,0.00
18126,S,1,189,187,-0.1,0.3,55,0,-1,80,80,-0.020,0,0.00
18126,S,1,189,187,-0.1,0.3,55,0,-1,80,80,-0.020,0,0.00
18347,S,1,186,183,-0.1,0.1,70,0,0,80,80,-0.020,0,0.00
18348,S,1,186,183,-0.1,0.1,70,0,0,80,80,-0.020,0,0.00
18568,S,1,183,181,0.1,0.3,80,-2,-1,78,82,-0.020,0,0.00
18569,S,1,183,181,0.1,0.3,80,-2,-1,78,82,-0.020,0,0.00
18789,S,1,181,179,0.0,-0.5,88,1,2,89,87,-0.020,0,0.00
18789,S,1,181,179,0.0,-0.5,88,1,2,89,87,-0.020,0,0.00
18920,S,1,111,112,0.1,1.3,94,-5,-4,89,99,-0.020,0,0.00
18920,S,1,111,112,0.1,1.3,94,-5,-4,89,99,-0.020,0,0.00
19052,S,1,115,118,0.2,0.5,2,-3,-2,77,83,-0.020,0,0.00
19053,S,1,115,118,0.2,0.5,2,-3,-2,77,83,-0.020,0,0.00
19265,S,1,199,197,0.3,0.0,31,-2,0,78,82,-0.020,0,0.00
19265,S,1,199,197,0.3,0.0,31,-2,0,78,82,-0.020,0,0.00
19487,S,1,181,184,0.0,-0.7,52,2,2,82,78,-0.020,0,0.00
19487,S,1,1,1,0.0,-0.7,71,2,2,82,78,-0.020,0,0.00
19708,S,1,178,176,-0.0,-0.0,77,0,0,80,80,-0.020,0,0.00
19708,S,1,178,176,-0.0,-0.0,77,0,0,80,80,-0.020,0,0.00
19839,S,1,111,107,0.0,0.5,86,-2,-2,84,88,-0.020,0,0.00
19840,S,1,111,107,0.0,0.5,86,-2,-2,84,88,-0.020,0,0.00
19972,S,1,111,113,0.1,-0.0,2,-1,0,79,81,-0.020,0,0.00
20183,S,1,192,200,-0.1,-1.2,31,4,4,84,76,-0.020,0,0.00
20184,S,1,192,200,-0.1,-1.2,31,4,4,84,76,-0.020,0,0.00
20405,S,1,194,187,0.0,0.1,51,0,0,80,80,-0.020,0,0.00
20405,S,1,194,187,0.0,0.1,51,0,0,80,80,-0.020,0,0.00
20626,S,1,183,184,0.1,-0.3,66,0,1,80,80,-0.020,0,0.00
20627,S,1,1,0,0.1,-0.3,80,0,1,80,80,-0.020,0,0.00
20847,S,1,179,182,-0.2,-1.0,82,4,3,86,78,-0.020,0,0.00
20848,S,1,179,182,-0.2,-1.0,82,4,3,86,78,-0.020,0,0.00
21068,S,1,194,186,-0.0,-0.2,87,1,0,88,86,-0.020,0,0.00
21069,S,1,194,186,-0.0,-0.2,87,1,0,88,86,-0.020,0,0.00
21199,S,1,119,121,0.0,1.0,92,-3,-3,89,95,-0.020,0,0.00
21200,S,1,119,121,0.0,1.0,92,-3,-3,89,95,-0.020,0,0.00
21331,S,1,117,120,0.1,0.2,1,-1,-1,79,81,-0.020,0,0.00
21544,S,1,205,206,-0.1,-0.3,31,2,1,82,78,-0.020,0,0.00
21544,S,1,205,206,-0.1,-0.3,31,2,1,82,78,-0.020,0,0.00
21765,S,1,197,193,0.1,0.1,52,-1,0,79,81,-0.020,0,0.00
21765,S,1,197,193,0.1,0.1,52,-1,0,79,81,-0.020,0,0.00
21987,S,1,182,185,-0.2,-1.7,67,6,5,86,74,-0.020,0,0.00
21987,S,1,182,185,-0.2,-1.7,67,6,5,86,74,-0.020,0,0.00
22118,S,1,112,110,-0.2,-2.0,79,8,6,88,72,-0.020,0,0.00
22119,S,1,112,110,-0.2,-2.0,79,8,6,88,72,-0.020,0,0.00
22251,S,1,111,107,0.0,0.6,2,-2,-2,78,82,-0.020,0,0.00
22462,S,1,198,194,0.3,0.7,31,-4,-2,76,84,-0.020,0,0.00
22463,S,1,198,194,0.3,0.7,31,-4,-2,76,84,-0.020,0,0.00
22684,S,1,192,197,0.2,-0.1,51,-1,0,79,81,-0.020,0,0.00
22684,S,1,192,197,0.2,-0.1,51,-1,0,79,81,-0.020,0,0.00
22905,S,1,191,186,0.4,0.2,66,-3,-1,77,83,-0.030,0,0.00
22906,S,1,191,186,0.4,0.2,66,-3,-1,77,83,-0.030,0,0.00
23126,S,1,183,181,0.4,-0.1,76,-2,0,78,82,-0.030,0,0.00
23127,S,1,0,0,0.4,-0.1,87,-2,0,85,89,-0.030,0,0.00
23347,S,1,190,195,0.1,-0.2,87,0,1,87,87,-0.030,0,0.00
23347,S,1,190,195,0.1,-0.2,87,0,1,87,87,-0.030,0,0.00
23478,S,1,124,123,0.1,-0.1,92,0,0,92,92,-0.030,0,0.00
23479,S,1,124,123,0.1,-0.1,92,0,0,92,92,-0.030,0,0.00
23610,S,1,116,115,0.2,0.3,1,-2,-1,78,82,-0.030,0,0.00
23823,S,1,193,200,0.1,-0.2,30,0,1,80,80,-0.030,0,0.00
23823,S,1,193,200,0.1,-0.2,30,0,1,80,80,-0.030,0,0.00
24044,S,1,188,188,-0.1,-0.3,51,2,1,82,78,-0.030,0,0.00
24044,S,1,188,188,-0.1,-0.3,51,2,1,82,78,-0.030,0,0.00
24266,S,1,182,179,-0.0,-0.1,66,1,0,81,79,-0.030,0,0.00
24266,S,1,182,179,-0.0,-0.1,66,1,0,81,79,-0.030,0,0.00
24486,S,1,174,173,-0.1,-0.1,76,1,0,81,79,-0.030,0,0.00
24486,S,1,174,173,-0.1,-0.1,76,1,0,81,79,-0.030,0,0.00
24707,S,1,181,180,-0.2,0.8,84,-1,-2,83,85,-0.030,0,0.00
24707,S,1,181,180,-0.2,0.8,84,-1,-2,83,85,-0.030,0,0.00
24838,S,1,109,112,-0.2,0.5,90,0,-2,90,90,-0.030,0,0.00
24838,S,1,109,112,-0.2,0.5,90,0,-2,90,90,-0.030,0,0.00
24970,S,1,107,106,-0.1,0.6,6,-1,-2,79,81,-0.030,0,0.00
24971,S,1,107,106,-0.1,0.6,6,-1,-2,79,81,-0.030,0,0.00
25183,S,1,192,194,-0.2,-0.3,33,2,1,82,78,-0.030,0,0.00
25183,S,1,192,194,-0.2,-0.3,33,2,1,82,78,-0.030,0,0.00
25404,S,1,184,185,-0.3,-0.0,53,2,0,82,78,-0.020,0,0.00
25405,S,1,184,185,-0.3,-0.0,53,2,0,82,78,-0.020,0,0.00
25625,S,1,175,171,-0.3,0.6,66,0,-2,80,80,-0.020,0,0.00
25626,S,1,175,171,-0.3,0.6,66,0,-2,80,80,-0.020,0,0.00
25757,S,1,102,102,-0.3,0.4,77,0,-1,80,80,-0.020,0,0.00
25757,S,1,102,102,-0.3,0.4,77,0,-1,80,80,-0.020,0,0.00
25889,S,1,102,105,-0.4,-0.3,47,3,1,83,77,-0.020,0,0.00
25890,S,1,102,105,-0.4,-0.3,47,3,1,83,77,-0.020,0,0.00
26012,S,1,104,105,-0.4,-0.0,64,3,0,83,77,-0.010,0,0.00
26016,S,1,104,105,-0.4,-0.0,64,3,0,83,77,-0.010,0,0.00
26145,S,1,102,98,-0.3,1.2,1,-2,-4,78,82,-0.010,0,0.00
26267,S,1,101,100,-0.3,1.3,31,-3,-4,77,83,-0.010,0,0.00
26272,S,1,101,100,-0.3,1.3,31,-3,-4,77,83,-0.010,0,0.00
26391,S,1,85,86,-0.2,0.5,2,-1,-2,79,81,-0.010,0,0.00
26603,S,1,174,178,-0.2,-1.0,30,5,3,85,75,-0.010,0,0.00
26603,S,1,174,178,-0.2,-1.0,30,5,3,85,75,-0.010,0,0.00
26824,S,1,184,173,-0.0,0.9,49,-3,-3,77,83,-0.010,0,0.00
26825,S,1,184,173,-0.0,0.9,49,-3,-3,77,83,-0.010,0,0.00
26956,S,1,105,106,0.0,0.5,64,-2,-1,78,82,-0.010,0,0.00
26956,S,1,105,106,0.0,0.5,64,-2,-1,78,82,-0.010,0,0.00
27089,S,1,99,101,-0.0,0.0,45,0,0,80,80,-0.010,0,0.00
27089,S,1,99,101,-0.0,0.0,45,0,0,80,80,-0.010,0,0.00
27211,S,1,103,103,-0.0,-0.7,61,2,2,82,78,-0.010,0,0.00
27216,S,1,103,103,-0.0,-0.7,61,2,2,82,78,-0.010,0,0.00
27346,S,1,101,100,-0.1,-0.2,1,1,1,81,79,-0.010,0,0.00
27557,S,1,171,173,-0.1,0.1,29,0,0,80,80,-0.010,0,0.00
27558,S,1,171,173,-0.1,0.1,29,0,0,80,80,-0.010,0,0.00
27680,S,1,100,101,-0.0,-0.0,51,0,0,80,80,-0.010,0,0.00
27684,S,1,100,101,-0.0,-0.0,51,0,0,80,80,-0.010,0,0.00
27805,S,1,92,91,0.0,0.3,4,-1,-1,79,81,-0.010,0,0.00
27928,S,1,103,103,0.0,-0.9,32,3,3,83,77,-0.010,0,0.00
27932,S,1,103,103,0.0,-0.9,32,3,3,83,77,-0.010,0,0.00
28052,S,1,89,87,-0.1,-0.8,1,3,3,83,77,-0.010,0,0.00
28264,S,1,171,169,-0.0,-0.1,29,0,0,80,80,-0.010,0,0.00
28265,S,1,171,169,-0.0,-0.1,29,0,0,80,80,-0.010,0,0.00
28396,S,1,108,106,0.0,0.8,50,-3,-3,77,83,-0.010,0,0.00
28396,S,1,108,106,0.0,0.8,50,-3,-3,77,83,-0.010,0,0.00
28528,S,1,102,102,0.1,0.0,39,0,0,80,80,-0.010,0,0.00
28529,S,1,102,102,0.1,0.0,39,0,0,80,80,-0.010,0,0.00
28651,S,1,104,106,0.0,-0.1,57,0,0,80,80,-0.010,0,0.00
28655,S,1,104,106,0.0,-0.1,57,0,0,80,80,-0.010,0,0.00
28784,S,1,97,99,-0.0,0.1,1,0,0,80,80,-0.010,0,0.00
28906,S,1,102,101,0.0,0.5,30,-2,-2,78,82,-0.010,0,0.00
28910,S,1,0,0,0.0,0.5,54,-2,-2,78,82,-0.010,0,0.00
29030,S,1,96,95,0.2,0.4,31,-3,-1,77,83,-0.010,0,0.00
29241,S,1,180,180,0.2,-0.1,50,-1,0,79,81,-0.010,0,0.00
29242,S,1,180,180,0.2,-0.1,50,-1,0,79,81,-0.010,0,0.00
29463,S,1,184,184,0.0,0.2,63,-1,-1,79,81,-0.010,0,0.00
29463,S,1,184,184,0.0,0.2,63,-1,-1,79,81,-0.010,0,0.00
29684,S,1,185,182,0.0,-0.1,72,0,0,80,80,-0.010,0,0.00
29684,S,1,185,182,0.0,-0.1,72,0,0,80,80,-0.010,0,0.00
29905,S,1,190,193,0.0,-0.0,78,0,0,80,80,-0.010,0,0.00
29905,S,1,190,193,0.0,-0.0,78,0,0,80,80,-0.010,0,0.00
