t_ms,t_s,yaw,yr,hi,hd,pc,ol,or,el,er,cum_el,cum_er,x_imu_mm,y_imu_mm,x_enc_mm,y_enc_mm,theta_enc_deg,v_mps
0,0.0000,0.00,0.00,0.0000,0,104,104,104,0,0,0,0,0.000,0.000,0.000,0.000,0.000,0.0000
122,0.1220,-0.00,0.00,0.0000,0,112,112,112,52,56,52,56,28.274,0.000,28.274,0.204,0.828,0.2318
127,0.1270,-0.00,0.00,0.0000,0,118,118,118,2,3,54,59,29.583,0.000,29.582,0.225,1.034,0.2618
231,0.2310,-0.10,-0.30,0.0000,2,68,82,78,81,87,135,146,73.566,-0.038,73.546,1.496,2.276,0.4229
443,0.4430,-0.90,-0.90,0.1400,9,75,89,71,155,165,290,311,157.338,-0.769,157.182,6.333,4.345,0.3952
656,0.6560,-1.10,-0.60,0.3000,9,79,89,71,141,138,431,449,230.369,-2.044,230.043,11.472,3.724,0.3429
869,0.8690,-1.00,-0.20,0.4500,7,81,88,74,143,142,574,591,304.969,-3.411,304.507,16.184,3.517,0.3503
1090,1.0900,-0.90,-0.10,0.5900,6,82,88,76,151,149,725,740,383.498,-4.714,382.916,20.720,3.103,0.3554
1222,1.2220,-0.90,-0.20,0.7300,7,88,95,81,89,87,814,827,429.569,-5.437,428.934,23.048,2.690,0.3491
1354,1.3540,-0.70,-0.40,0.8400,6,37,86,74,103,99,917,926,482.448,-6.176,481.776,25.148,1.862,0.4006
1476,1.4760,-0.70,-0.90,0.9500,8,56,88,72,103,96,1020,1022,534.542,-6.812,533.863,26.183,0.414,0.4270
1480,1.4800,-0.70,-0.90,0.9900,8,78,88,72,1,0,1021,1022,534.804,-6.815,534.125,26.184,0.207,0.0654
1609,1.6090,-0.60,-0.40,1.0200,6,59,86,74,91,98,1112,1120,584.281,-7.377,583.599,26.988,1.655,0.3836
1731,1.7310,-0.60,-0.90,1.1100,8,72,88,72,82,84,1194,1204,627.737,-7.832,627.035,28.400,2.069,0.3562
1735,1.7350,-0.60,-0.90,1.1100,8,72,88,72,82,84,1276,1288,671.193,-8.287,670.459,30.126,2.483,10.8647
1855,1.8550,-0.70,-0.40,1.1800,7,49,87,73,77,77,1353,1365,711.508,-8.744,710.738,31.872,2.483,0.3360
2067,2.0670,-0.60,0.60,1.2700,3,60,83,77,145,141,1498,1506,786.378,-9.594,785.564,34.576,1.655,0.3532
2068,2.0680,-0.60,0.60,1.2700,3,60,83,77,145,141,1643,1647,861.248,-10.378,860.421,36.198,0.828,0.0000
2289,2.2890,-0.40,0.30,1.3300,3,67,83,77,146,145,1789,1792,937.429,-11.043,936.599,37.161,0.621,0.3447
2510,2.5100,-0.40,0.10,1.3900,4,73,84,76,144,142,1933,1934,1012.302,-11.565,1011.471,37.701,0.207,0.3388
2641,2.6410,-0.40,-0.10,1.4500,4,82,86,78,87,84,2020,2018,1057.068,-11.878,1056.239,37.620,-0.414,0.3417
2642,2.6420,-0.40,-0.10,1.4500,4,82,86,78,87,84,2107,2102,1101.835,-12.190,1101.003,37.055,-1.034,0.0000
2773,2.7730,-0.30,-0.30,1.5100,4,42,84,76,92,91,2199,2193,1149.743,-12.483,1148.903,36.103,-1.241,0.3657
2895,2.8950,-0.30,0.80,1.5500,1,59,81,79,97,96,2296,2289,1200.270,-12.748,1199.416,34.917,-1.448,0.4142
2900,2.9000,-0.30,0.80,1.5600,1,79,81,79,1,0,2297,2289,1200.532,-12.749,1199.678,34.910,-1.655,0.0524
3029,3.0290,-0.10,0.50,1.5800,1,56,81,79,93,92,2390,2381,1248.964,-12.918,1248.088,33.424,-1.862,0.3754
3151,3.1510,-0.10,0.60,1.5900,0,70,80,80,83,87,2473,2468,1293.470,-12.996,1292.580,32.299,-1.034,0.3648
3155,3.1550,-0.10,0.60,1.5900,0,70,80,80,83,87,2556,2555,1337.976,-13.073,1337.083,31.817,-0.207,11.1265
3275,3.2750,-0.70,-1.20,1.6200,10,48,90,70,74,80,2630,2635,1378.292,-13.355,1377.399,32.108,1.034,0.3360
3487,3.4870,-1.00,-0.70,1.7600,10,59,90,70,135,138,2765,2773,1449.755,-14.415,1448.851,33.785,1.655,0.3371
3708,3.7080,-0.80,0.50,1.8800,5,68,85,75,138,132,2903,2905,1520.432,-15.525,1519.525,35.062,0.414,0.3198
3709,3.7090,-0.80,0.50,1.8800,5,68,85,75,138,132,3041,3037,1591.111,-16.512,1590.210,34.806,-0.828,0.0000
3929,3.9290,-0.50,1.30,1.9400,0,73,80,80,143,137,3184,3174,1664.411,-17.344,1663.491,32.954,-2.069,0.3332
4061,4.0610,-0.40,1.40,2.0000,0,82,82,82,84,83,3268,3257,1708.130,-17.687,1707.180,31.296,-2.276,0.3312
4193,4.1930,-0.40,0.70,2.0600,2,29,82,78,89,89,3357,3346,1754.729,-18.013,1753.743,29.446,-2.276,0.3530
4314,4.3140,-0.40,1.10,2.1200,1,50,81,79,93,93,3450,3439,1803.422,-18.353,1802.400,27.512,-2.276,0.4024
4319,4.3190,-0.40,1.10,2.1400,1,73,81,79,1,0,3451,3439,1803.684,-18.354,1802.661,27.501,-2.483,0.0524
4448,4.4480,-0.30,0.80,2.1600,1,47,81,79,91,89,3542,3528,1850.807,-18.642,1849.733,25.290,-2.897,0.3653
4570,4.5700,-0.30,0.70,2.2100,2,63,82,78,87,84,3629,3612,1895.574,-18.877,1894.431,22.786,-3.517,0.3669
4574,4.5740,-0.30,0.70,2.2100,2,63,82,78,87,84,3716,3696,1940.341,-19.111,1939.099,19.797,-4.138,11.1919
4694,4.6940,-0.20,0.20,2.2400,3,35,83,77,74,76,3790,3772,1979.611,-19.282,1978.276,17.105,-3.724,0.3272
4906,4.9060,-0.50,-0.60,2.3100,7,50,87,73,130,137,3920,3909,2049.510,-19.709,2048.081,13.447,-2.276,0.3297
4906,4.9060,-0.50,-0.60,2.3800,7,73,87,73,0,0,3920,3909,2049.510,-19.709,2048.081,13.447,-2.276,0.0000
5127,5.1270,-0.60,-0.50,2.4600,7,77,87,73,131,131,4051,4040,2118.098,-20.368,2116.618,10.723,-2.276,0.3104
5348,5.3480,-0.30,1.10,2.5100,1,79,81,79,146,137,4197,4177,2192.185,-20.950,2190.591,6.578,-4.138,0.3352
5349,5.3490,-0.30,1.10,2.5100,1,79,81,79,146,137,4343,4314,2266.273,-21.338,2264.391,0.032,-6.000,0.0000
5480,5.4800,-0.20,2.40,2.5400,-4,85,81,89,88,85,4431,4399,2311.564,-21.535,2309.408,-4.946,-6.621,0.3457
5612,5.6120,-0.00,1.40,2.5700,-2,29,78,82,89,90,4520,4489,2358.426,-21.617,2355.967,-10.265,-6.414,0.3550
5613,5.6130,-0.00,1.40,2.5700,-2,29,78,82,89,90,4609,4579,2405.288,-21.617,2402.545,-15.416,-6.207,0.0000
5825,5.8250,-0.10,0.80,2.5800,1,44,81,79,156,157,4765,4736,2487.232,-21.689,2484.024,-24.128,-6.000,0.3865
6046,6.0460,-0.20,-0.20,2.6100,4,54,84,76,155,153,4920,4889,2567.865,-21.900,2564.185,-32.846,-6.414,0.3649
6047,6.0470,-0.20,-0.20,2.6100,4,54,84,76,155,153,5075,5042,2648.499,-22.181,2644.282,-42.143,-6.828,0.0000
6268,6.2680,-0.10,-0.30,2.6300,4,63,84,76,145,145,5220,5187,2724.421,-22.380,2719.665,-51.169,-6.828,0.3435
6399,6.3990,-0.10,0.20,2.6500,3,74,83,77,77,79,5297,5266,2765.261,-22.451,2760.234,-55.878,-6.414,0.3118
6400,6.4000,-0.10,0.20,2.6500,3,74,83,77,77,79,5374,5345,2806.102,-22.522,2800.835,-60.293,-6.000,0.0000
6532,6.5320,-0.30,-0.50,2.6700,6,35,86,74,77,79,5451,5424,2846.943,-22.665,2841.467,-64.416,-5.586,0.3094
6743,6.7430,-0.50,-0.30,2.7400,7,49,87,73,144,143,5595,5567,2922.077,-23.190,2916.233,-71.865,-5.793,0.3561
6744,6.7440,-0.50,-0.30,2.7400,7,49,87,73,144,143,5739,5710,2997.211,-23.845,2990.972,-79.584,-6.000,0.0000
6965,6.9650,-0.10,1.10,2.7600,0,58,80,80,153,145,5892,5855,3075.226,-24.254,3068.435,-88.858,-7.655,0.3530
7186,7.1860,0.30,1.20,2.7200,-3,65,77,83,149,144,6041,5999,3151.933,-24.120,3144.363,-99.763,-8.690,0.3471
7187,7.1870,0.30,1.20,2.7200,-3,65,77,83,149,144,6190,6143,3228.639,-23.718,3220.082,-112.036,-9.724,0.0000
7407,7.4070,0.40,0.70,2.6600,-2,70,78,82,145,142,6335,6285,3303.774,-23.259,3294.069,-125.128,-10.345,0.3415
7408,7.4080,0.40,0.70,2.6600,-2,70,78,82,145,142,6480,6427,3378.909,-22.735,3367.910,-139.020,-10.966,0.0000
7539,7.5390,0.40,0.10,2.6100,0,78,80,80,93,92,6573,6519,3427.340,-22.397,3415.442,-148.319,-11.172,0.3697
7671,7.6710,0.40,0.60,2.5600,-2,21,78,82,94,94,6667,6613,3476.557,-22.053,3463.728,-157.855,-11.172,0.3729
7672,7.6720,0.40,0.60,2.5600,-2,21,78,82,94,94,6761,6707,3525.775,-21.709,3512.013,-167.392,-11.172,0.0000
7884,7.8840,0.40,-0.50,2.5000,1,38,81,79,158,159,6919,6866,3608.763,-21.130,3593.460,-183.325,-10.966,0.3915
8106,8.1060,0.20,-0.60,2.4600,3,51,83,77,136,139,7055,7005,3680.757,-20.753,3664.213,-196.637,-10.345,0.3243
8106,8.1060,0.20,-0.60,2.4300,3,73,83,77,0,0,7055,7005,3680.757,-20.753,3664.213,-196.637,-10.345,0.0000
8327,8.3270,0.10,-0.40,2.4200,3,75,83,77,139,143,7194,7148,3754.584,-20.560,3736.934,-209.370,-9.517,0.3341
8548,8.5480,0.20,0.30,2.4000,0,76,80,80,154,149,7348,7297,3833.909,-20.352,3815.046,-223.191,-10.552,0.3589
8679,8.6790,0.20,0.30,2.3700,0,82,82,82,89,86,7437,7383,3879.724,-20.192,3860.040,-231.825,-11.172,0.3497
8811,8.8110,0.30,0.30,2.3400,0,26,80,80,91,89,7528,7472,3926.847,-19.987,3906.238,-241.123,-11.586,0.3570
8812,8.8120,0.30,0.30,2.3400,0,26,80,80,91,89,7619,7561,3973.970,-19.740,3952.367,-250.754,-12.000,0.0000
8933,8.9330,0.30,0.60,2.2900,-2,46,78,82,93,94,7712,7655,4022.926,-19.483,4000.272,-260.846,-11.793,0.4046
8938,8.9380,0.30,0.60,2.2800,-2,69,78,82,2,2,7714,7657,4023.973,-19.478,4001.297,-261.060,-11.793,0.2094
9067,9.0670,0.30,-0.10,2.2600,1,43,81,79,91,93,7805,7750,4072.144,-19.226,4048.487,-270.735,-11.379,0.3734
9279,9.2790,0.30,-0.30,2.2200,1,53,81,79,157,154,7962,7904,4153.562,-18.799,4128.217,-287.231,-12.000,0.3841
9280,9.2800,0.30,-0.30,2.2200,1,53,81,79,157,154,8119,8058,4234.981,-18.373,4207.765,-304.590,-12.621,0.0000
9402,9.4020,0.30,-0.10,2.1800,1,66,81,79,83,83,8202,8141,4278.439,-18.146,4250.174,-314.086,-12.621,0.3562
9406,9.4060,0.30,-0.10,2.1600,1,82,83,81,2,3,8204,8144,4279.748,-18.139,4251.452,-314.370,-12.414,0.3272
9527,9.5270,0.10,-0.80,2.1500,4,43,84,76,76,79,8280,8223,4320.326,-17.997,4291.128,-322.878,-11.793,0.3354
9739,9.7390,0.10,-1.40,2.1400,6,54,86,74,142,145,8422,8368,4395.463,-17.866,4364.761,-337.836,-11.172,0.3544
9952,9.9520,0.10,0.00,2.1200,1,61,81,79,152,146,8574,8514,4473.479,-17.730,4441.130,-353.780,-12.414,0.3663
10074,10.0740,0.20,1.20,2.0900,-3,71,77,83,88,85,8662,8599,4518.770,-17.611,4485.309,-363.756,-13.034,0.3712
10079,10.0790,0.20,1.20,2.0800,-3,86,83,89,1,1,8663,8600,4519.294,-17.609,4485.820,-363.874,-13.034,0.1047
10208,10.2080,0.50,1.60,2.0600,-6,55,74,86,95,93,8758,8693,4568.511,-17.309,4533.729,-375.148,-13.448,0.3815
10419,10.4190,0.40,0.60,2.0000,-2,61,78,82,151,154,8909,8847,4648.357,-16.682,4611.488,-393.297,-12.828,0.3784
10632,10.6320,0.30,0.10,1.9600,0,65,80,80,156,156,9065,9003,4730.037,-16.183,4691.131,-411.432,-12.828,0.3835
10754,10.7540,0.20,-0.80,1.9200,3,74,83,77,90,91,9155,9094,4777.422,-15.976,4737.353,-421.869,-12.621,0.3884
10759,10.7590,0.20,-0.80,1.9100,3,88,91,85,1,1,9156,9095,4777.946,-15.974,4737.864,-421.983,-12.621,0.1047
10888,10.8880,0.00,-0.90,1.9000,4,56,84,76,92,96,9248,9191,4827.164,-15.888,4785.969,-432.390,-11.793,0.3815
11068,11.0680,-0.00,-1.00,1.9100,5,64,85,75,127,130,9375,9321,4894.447,-15.888,4851.905,-445.784,-11.172,0.3738
11168,11.1680,-0.10,-0.60,1.9100,5,48,85,75,57,57,9432,9378,4924.292,-15.914,4881.185,-451.567,-11.172,0.2985
11290,11.2900,-0.10,-0.30,1.9400,4,62,84,76,88,86,9520,9464,4969.845,-15.994,4925.842,-460.555,-11.586,0.3734
11510,11.5100,-0.10,0.60,1.9500,1,66,81,79,160,160,9680,9624,5053.620,-16.140,5007.911,-477.381,-11.586,0.3808
11722,11.7220,-0.00,0.90,1.9500,-1,69,79,81,150,149,9830,9773,5131.898,-16.208,5084.566,-493.241,-11.793,0.3692
11723,11.7230,-0.00,0.90,1.9500,-1,69,79,81,150,149,9980,9922,5210.176,-16.208,5161.162,-509.377,-12.000,0.0000
11944,11.9440,0.00,0.20,1.9500,1,71,81,79,153,149,10133,10071,5289.240,-16.208,5238.377,-526.374,-12.828,0.3578
11945,11.9450,0.00,0.20,1.9500,1,71,81,79,153,149,10286,10220,5368.303,-16.208,5315.339,-544.483,-13.655,0.0000
12165,12.1650,0.00,0.20,1.9500,1,71,81,79,161,162,10447,10382,5452.864,-16.208,5397.546,-564.298,-13.448,0.3844
12166,12.1660,0.00,0.20,1.9500,1,86,87,85,0,0,10447,10382,5452.864,-16.208,5397.546,-564.298,-13.448,0.0000
12297,12.2970,-0.00,0.10,1.9500,2,87,89,85,98,101,10545,10483,5504.963,-16.208,5448.280,-576.140,-12.828,0.3977
12429,12.4290,-0.20,0.10,1.9500,3,22,83,77,93,95,10638,10578,5554.181,-16.294,5496.309,-586.894,-12.414,0.3729
12430,12.4300,-0.20,0.10,1.9500,3,22,83,77,93,95,10731,10673,5603.399,-16.466,5544.415,-597.301,-12.000,0.0000
12642,12.6420,-0.30,0.10,2.0000,4,37,84,76,161,160,10892,10833,5687.436,-16.833,5626.584,-614.921,-12.207,0.3964
12864,12.8640,-0.30,0.20,2.0400,3,48,83,77,158,159,11050,10992,5770.425,-17.267,5707.730,-632.323,-12.000,0.3738
13085,13.0850,-0.30,0.40,2.0800,3,55,83,77,163,161,11213,11153,5855.247,-17.711,5790.635,-650.258,-12.414,0.3838
13216,13.2160,-0.30,0.20,2.1200,3,66,83,77,95,91,11308,11244,5903.941,-17.966,5838.114,-661.069,-13.241,0.3717
13217,13.2170,-0.30,0.20,2.1200,3,66,83,77,95,91,11403,11335,5952.635,-18.221,5885.432,-672.565,-14.069,0.0000
13349,13.3490,-0.10,1.50,2.1600,-2,24,78,82,84,81,11487,11416,5995.831,-18.372,5927.276,-683.292,-14.690,0.3272
13470,13.4700,-0.10,0.80,2.1700,0,44,80,80,93,95,11580,11511,6045.050,-18.458,5974.930,-695.601,-14.276,0.4068
13475,13.4750,-0.10,0.80,2.1700,0,44,80,80,93,95,11673,11606,6094.268,-18.544,6022.672,-707.566,-13.862,9.8437
13604,13.6040,-0.00,0.20,2.1700,1,12,81,79,88,88,11761,11694,6140.344,-18.584,6067.407,-718.605,-13.862,0.3572
13726,13.7260,-0.00,-0.00,2.1800,2,36,82,78,89,89,11850,11783,6186.945,-18.584,6112.650,-729.770,-13.862,0.3820
13730,13.7300,-0.00,-0.00,2.1800,2,36,82,78,89,89,11939,11872,6233.545,-18.584,6157.893,-740.934,-13.862,11.6501
13850,13.8500,-0.20,0.30,2.1800,3,24,83,77,71,72,12010,11944,6270.982,-18.649,6194.256,-749.838,-13.655,0.3120
14062,14.0620,-0.20,0.40,2.2100,2,40,82,78,138,139,12148,12083,6343.500,-18.903,6264.756,-766.831,-13.448,0.3421
14283,14.2830,-0.20,0.70,2.2300,1,50,81,79,151,150,12299,12233,6422.301,-19.178,6341.363,-785.296,-13.655,0.3566
14284,14.2840,-0.20,0.70,2.2300,1,50,81,79,151,150,12450,12383,6501.103,-19.453,6417.904,-804.037,-13.862,0.0000
14504,14.5040,-0.10,-0.60,2.2400,4,56,84,76,161,157,12611,12540,6584.354,-19.671,6498.585,-824.567,-14.690,0.3784
14505,14.5050,-0.10,-0.60,2.2400,4,56,84,76,161,157,12772,12697,6667.607,-19.816,6578.962,-846.259,-15.517,0.0000
14725,14.7250,0.10,0.70,2.2400,0,61,80,80,159,156,12931,12853,6750.073,-19.816,6658.302,-868.751,-16.138,0.3748
14856,14.8560,0.10,0.70,2.2200,-1,70,79,81,92,91,13023,12944,6797.983,-19.732,6704.299,-882.151,-16.345,0.3657
14857,14.8570,0.10,0.70,2.2200,-1,70,79,81,92,91,13115,13035,6845.892,-19.649,6750.248,-895.716,-16.552,0.0000
14988,14.9880,0.30,0.10,2.2100,0,18,80,80,91,89,13206,13124,6893.015,-19.484,6795.370,-909.304,-16.966,0.3597
15200,15.2000,0.30,-0.60,2.1700,2,33,82,78,162,161,13368,13285,6977.575,-19.041,6876.207,-934.125,-17.172,0.3989
15201,15.2010,0.30,-0.60,2.1700,2,33,82,78,162,161,13530,13446,7062.135,-18.599,6956.953,-959.237,-17.379,0.0000
15422,15.4220,-0.10,-1.10,2.1800,6,45,86,74,148,156,13678,13602,7141.722,-18.460,7033.242,-981.910,-15.724,0.3601
15644,15.6440,-0.10,-0.50,2.1900,4,54,84,76,147,144,13825,13746,7217.906,-18.593,7106.462,-1002.953,-16.345,0.3432
15775,15.7750,-0.10,0.10,2.2000,2,64,82,78,94,89,13919,13835,7265.815,-18.676,7152.311,-1016.850,-17.379,0.3657
15908,15.9080,0.30,0.20,2.1900,0,51,80,80,94,92,14013,13927,7314.510,-18.591,7198.730,-1031.563,-17.793,0.3661
16120,16.1200,0.50,0.60,2.1300,-3,56,77,83,161,160,14174,14087,7398.545,-18.005,7278.702,-1057.387,-18.000,0.3964
16121,16.1210,0.50,0.60,2.1300,-3,56,77,83,161,160,14335,14247,7482.580,-17.271,7358.579,-1083.501,-18.207,0.0000
16342,16.3420,0.60,0.90,2.0400,-4,60,76,84,162,157,14497,14404,7566.090,-16.470,7437.673,-1110.310,-19.241,0.3779
16563,16.5630,0.60,0.70,1.9500,-4,62,76,84,165,164,14662,14568,7652.217,-15.568,7518.942,-1138.841,-19.448,0.3897
16564,16.5640,0.60,0.70,1.9500,-4,62,76,84,165,164,14827,14732,7738.344,-14.666,7600.108,-1167.666,-19.655,0.0000
16695,16.6950,0.60,0.00,1.8600,-2,70,78,82,90,96,14917,14828,7787.036,-14.156,7646.140,-1183.547,-18.414,0.3717
16827,16.8270,0.10,-0.60,1.7900,3,58,83,77,87,93,15004,14921,7834.159,-13.868,7691.010,-1197.947,-17.172,0.3570
16828,16.8280,0.10,-0.60,1.7900,3,58,83,77,87,93,15091,15014,7881.283,-13.786,7736.181,-1211.372,-15.931,0.0000
17040,17.0400,-0.30,-0.90,1.8300,6,62,86,74,154,157,15245,15171,7962.703,-13.928,7814.593,-1233.295,-15.310,0.3841
17261,17.2610,-0.10,0.50,1.8500,1,64,81,79,160,154,15405,15325,8044.907,-14.215,7893.641,-1255.859,-16.552,0.3720
17262,17.2620,-0.10,0.50,1.8500,1,64,81,79,160,154,15565,15479,8127.112,-14.358,7972.182,-1280.130,-17.793,0.0000
17483,17.4830,0.20,0.70,1.8200,-1,65,79,81,161,159,15726,15638,8210.888,-14.285,8051.857,-1306.018,-18.207,0.3791
17614,17.6140,0.20,0.60,1.7800,-1,72,79,81,95,94,15821,15732,8260.368,-14.112,8098.832,-1321.563,-18.414,0.3777
17615,17.6150,0.20,0.60,1.7800,-1,72,79,81,95,94,15916,15826,8309.847,-13.940,8145.750,-1337.277,-18.621,0.0000
17747,17.7470,0.20,1.30,1.7600,-4,52,76,84,95,93,16011,15919,8359.065,-13.768,8192.335,-1353.161,-19.034,0.3729
17869,17.8690,0.20,1.10,1.7200,-3,62,77,83,97,98,16108,16017,8410.116,-13.590,8240.625,-1369.724,-18.828,0.4184
17873,17.8730,0.20,1.10,1.7200,-3,62,77,83,97,98,16205,16115,8461.167,-13.411,8288.974,-1386.112,-18.621,12.7627
18002,18.0020,0.20,0.30,1.7000,-1,15,79,81,89,90,16294,16205,8508.028,-13.248,8333.410,-1400.994,-18.414,0.3633
18124,18.1240,0.20,-0.30,1.6600,1,37,81,79,89,90,16383,16295,8554.890,-13.084,8377.899,-1415.717,-18.207,0.3841
18128,18.1280,0.20,-0.30,1.6500,1,60,81,79,1,1,16384,16296,8555.414,-13.082,8378.396,-1415.880,-18.207,0.1309
18248,18.2480,-0.00,-0.80,1.6400,4,49,84,76,73,75,16457,16371,8594.160,-13.015,8415.246,-1427.854,-17.793,0.3229
18370,18.3700,-0.10,-1.40,1.6500,7,62,87,73,78,81,16535,16452,8635.786,-13.051,8454.950,-1440.359,-17.172,0.3412
18375,18.3750,-0.10,-1.40,1.6500,7,62,87,73,78,81,16613,16533,8677.412,-13.124,8494.786,-1452.433,-16.552,8.3252
18504,18.5040,-0.40,-0.40,1.6700,5,22,85,75,79,82,16692,16615,8719.561,-13.308,8535.254,-1464.222,-15.931,0.3267
18715,18.7150,-0.40,-0.00,1.7200,4,37,84,76,150,149,16842,16764,8797.838,-13.854,8610.486,-1485.844,-16.138,0.3710
18927,18.9270,-0.20,-0.10,1.7600,4,47,84,76,153,149,16995,16913,8876.900,-14.268,8686.274,-1508.367,-16.966,0.3729
18928,18.9280,-0.20,-0.10,1.7600,4,47,84,76,153,149,17148,17062,8955.963,-14.544,8761.728,-1531.983,-17.793,0.0000
19140,19.1400,-0.30,-0.50,1.8000,5,54,85,75,145,145,17293,17207,9031.884,-14.875,8834.018,-1555.183,-17.793,0.3581
19361,19.3610,-0.40,0.40,1.8600,3,58,83,77,154,155,17447,17362,9112.778,-15.370,8911.089,-1579.765,-17.586,0.3660
19362,19.3620,-0.40,0.40,1.8600,3,58,83,77,154,155,17601,17517,9193.672,-15.934,8988.248,-1604.067,-17.379,0.0000
19582,19.5820,-0.30,0.00,1.9100,4,61,84,76,156,153,17757,17670,9274.567,-16.429,9065.319,-1628.648,-18.000,0.3677
19583,19.5830,-0.30,0.00,1.9100,4,61,84,76,156,153,17913,17823,9355.462,-16.852,9142.119,-1654.063,-18.621,0.0000
19714,19.7140,-0.30,0.10,1.9500,4,70,84,76,83,87,17996,17910,9399.967,-17.085,9184.397,-1667.969,-17.793,0.3397
19846,19.8460,-0.80,-1.00,2.0000,10,58,90,70,75,82,18071,17992,9441.068,-17.480,9223.689,-1680.033,-16.345,0.3114
19847,19.8470,-0.80,-1.00,2.0000,10,58,90,70,75,82,18146,18074,9482.166,-18.054,9263.273,-1691.101,-14.897,0.0000
19968,19.9680,-0.90,-2.20,2.1400,15,68,95,65,78,82,18224,18156,9524.050,-18.675,9303.830,-1701.577,-14.069,0.3462
19973,19.9730,-0.90,-2.20,2.1400,15,68,95,65,78,82,18302,18238,9565.932,-19.333,9344.534,-1711.465,-13.241,8.3776
20102,20.1020,-1.10,-0.50,2.2400,10,26,90,70,80,76,18382,18314,9606.767,-20.046,9384.220,-1721.107,-14.069,0.3166
20314,20.3140,-0.70,1.50,2.3400,2,39,82,78,155,144,18537,18458,9685.035,-21.275,9459.757,-1741.640,-16.345,0.3692
20526,20.5260,-0.30,1.90,2.3800,-2,49,78,82,146,141,18683,18599,9760.169,-21.931,9531.663,-1763.435,-17.379,0.3544
20527,20.5270,-0.30,1.90,2.3800,-2,49,78,82,146,141,18829,18740,9835.304,-22.324,9603.164,-1786.524,-18.414,0.0000
20739,20.7390,-0.20,1.10,2.4100,0,56,80,80,139,141,18968,18881,9908.607,-22.644,9672.798,-1809.428,-18.000,0.3458
20960,20.9600,-0.10,-0.10,2.4300,4,60,84,76,152,147,19120,19028,9986.885,-22.849,9747.023,-1834.288,-19.034,0.3542
20961,20.9610,-0.10,-0.10,2.4300,4,60,84,76,152,147,19272,19175,10065.163,-22.986,9820.788,-1860.484,-20.069,0.0000
21181,21.1810,0.10,1.20,2.4200,-2,62,78,82,156,150,19428,19325,10145.273,-22.986,9895.732,-1888.788,-21.310,0.3641
21182,21.1820,0.10,1.20,2.4200,-2,62,78,82,156,150,19584,19475,10225.384,-22.846,9970.045,-1918.708,-22.552,0.0000
21402,21.4020,-0.00,-0.70,2.4200,5,65,85,75,131,141,19715,19616,10296.593,-22.784,10036.292,-1944.827,-20.483,0.3237
21403,21.4030,-0.00,-0.70,2.4200,5,65,85,75,131,141,19846,19757,10367.803,-22.784,10103.438,-1968.536,-18.414,0.0000
21533,21.5330,-0.20,-2.40,2.4500,11,73,91,69,74,78,19920,19835,10407.596,-22.853,10141.284,-1980.833,-17.586,0.3061
21534,21.5340,-0.20,-2.40,2.4500,11,73,91,69,74,78,19994,19913,10447.389,-22.992,10179.304,-1992.582,-16.759,0.0000
21665,21.6650,-0.70,-1.80,2.4800,12,48,92,68,77,78,20071,19991,10487.967,-23.311,10218.180,-2004.212,-16.552,0.3098
21787,21.7870,-0.70,-0.80,2.5900,9,60,89,71,87,82,20158,20073,10532.208,-23.851,10260.476,-2017.199,-17.586,0.3627
21792,21.7920,-0.70,-0.80,2.5900,9,60,89,71,87,82,20245,20155,10576.449,-24.392,10302.529,-2030.947,-18.621,8.8488
21921,21.9210,-0.30,0.80,2.6500,2,18,82,78,84,82,20329,20237,10619.906,-24.771,10343.663,-2044.972,-19.034,0.3369
22043,22.0430,-0.30,2.00,2.7000,-2,38,78,82,87,84,20416,20321,10664.673,-25.006,10385.903,-2059.802,-19.655,0.3669
22047,22.0470,-0.30,2.00,2.7100,-2,60,78,82,2,2,20418,20323,10665.720,-25.011,10386.889,-2060.154,-19.655,0.2618
22167,22.1670,0.10,0.60,2.7200,0,37,80,80,76,74,20494,20397,10704.990,-25.080,10423.823,-2073.496,-20.069,0.3272
22379,22.3790,0.10,0.10,2.7000,2,47,82,78,140,138,20634,20535,10777.770,-24.953,10492.093,-2098.717,-20.483,0.3433
22600,22.6000,0.10,0.30,2.6800,1,53,81,79,154,152,20788,20687,10857.880,-24.813,10567.038,-2127.021,-20.897,0.3625
22601,22.6010,0.10,0.30,2.6800,1,53,81,79,154,152,20942,20839,10937.991,-24.673,10641.775,-2155.865,-21.310,0.0000
22821,22.8210,0.20,-0.20,2.6500,2,57,82,78,151,153,21093,20992,11017.578,-24.465,10716.025,-2184.521,-20.897,0.3618
22952,22.9520,0.10,-0.60,2.6300,4,67,84,76,80,81,21173,21073,11059.727,-24.354,10755.429,-2199.483,-20.690,0.3218
22953,22.9530,0.10,-0.60,2.6300,4,67,84,76,80,81,21253,21154,11101.877,-24.281,10794.887,-2214.304,-20.483,0.0000
23085,23.0850,-0.20,-1.90,2.6200,10,47,90,70,72,76,21325,21230,11140.623,-24.314,10831.281,-2227.600,-19.655,0.2935
23296,23.2960,-0.40,-0.90,2.6900,8,55,88,72,132,132,21457,21362,11209.737,-24.676,10896.369,-2250.847,-19.655,0.3276
23297,23.2970,-0.40,-0.90,2.6900,8,55,88,72,132,132,21589,21494,11278.851,-25.159,10961.457,-2274.095,-19.655,0.0000
23518,23.5180,-0.20,0.40,2.7200,3,58,83,77,151,149,21740,21643,11357.389,-25.570,11035.325,-2300.779,-20.069,0.3554
23739,23.7390,0.10,1.20,2.7200,-1,61,79,81,157,149,21897,21792,11437.500,-25.640,11110.166,-2329.353,-21.724,0.3625
23960,23.9600,0.20,0.60,2.6900,0,62,80,80,150,149,22047,21941,11515.778,-25.435,11182.832,-2358.458,-21.931,0.3542
23961,23.9610,0.20,0.60,2.6900,0,62,80,80,150,149,22197,22090,11594.055,-25.162,11255.392,-2387.825,-22.138,0.0000
24092,24.0920,0.20,0.20,2.6600,1,69,81,79,89,90,22286,22180,11640.917,-24.998,11298.832,-2405.406,-21.931,0.3577
24224,24.2240,0.10,0.30,2.6400,1,27,81,79,90,91,22376,22271,11688.303,-24.874,11342.820,-2423.025,-21.724,0.3590
24225,24.2250,0.10,0.30,2.6400,1,27,81,79,90,91,22466,22362,11735.688,-24.791,11386.872,-2440.485,-21.517,0.0000
24437,24.4370,0.00,-0.40,2.6300,4,38,84,76,157,156,22623,22518,11817.631,-24.720,11463.050,-2470.677,-21.724,0.3865
24658,24.6580,0.00,-0.50,2.6300,4,47,84,76,142,143,22765,22661,11892.244,-24.720,11532.413,-2498.169,-21.517,0.3376
24659,24.6590,0.00,-0.50,2.6300,4,47,84,76,142,143,22907,22804,11966.857,-24.720,11601.875,-2525.411,-21.310,0.0000
24880,24.8800,-0.00,0.50,2.6400,1,54,81,79,140,141,23047,22945,12040.423,-24.720,11670.459,-2552.022,-21.103,0.3329
25011,25.0110,-0.00,0.70,2.6400,0,63,80,80,92,92,23139,23037,12088.594,-24.720,11715.399,-2569.366,-21.103,0.3677
25012,25.0120,-0.00,0.70,2.6400,0,63,80,80,92,92,23231,23129,12136.765,-24.720,11760.340,-2586.710,-21.103,0.0000
25144,25.1440,-0.10,0.20,2.6400,2,14,82,78,88,87,23319,23216,12182.580,-24.760,11803.052,-2603.283,-21.310,0.3471
25355,25.3550,0.00,0.40,2.6400,1,29,81,79,153,151,23472,23367,12262.167,-24.829,11877.093,-2632.474,-21.724,0.3772
25356,25.3560,0.00,0.40,2.6400,1,53,81,79,0,0,23472,23367,12262.167,-24.829,11877.093,-2632.474,-21.724,0.0000
25577,25.5770,0.20,0.60,2.6200,0,57,80,80,154,151,23626,23518,12342.015,-24.690,11951.109,-2662.431,-22.345,0.3613
25798,25.7980,0.20,0.60,2.5900,-1,58,79,81,163,160,23789,23678,12426.576,-24.395,12029.145,-2695.002,-22.966,0.3826
25799,25.7990,0.20,0.60,2.5900,-1,58,79,81,163,160,23952,23838,12511.137,-24.100,12106.824,-2728.417,-23.586,0.0000
26019,26.0190,0.10,0.30,2.5700,1,60,81,79,154,157,24106,23995,12592.556,-23.887,12181.618,-2760.591,-22.966,0.3701
26020,26.0200,0.10,0.30,2.5700,1,60,81,79,154,157,24260,24152,12673.976,-23.744,12256.755,-2791.953,-22.345,0.0000
26151,26.1510,0.10,0.10,2.5600,2,67,82,78,87,89,24347,24241,12720.052,-23.664,12299.435,-2809.316,-21.931,0.3517
26283,26.2830,0.10,-0.30,2.5500,3,33,83,77,81,80,24428,24321,12762.202,-23.590,12338.506,-2825.129,-22.138,0.3193
26284,26.2840,0.10,-0.30,2.5500,3,33,83,77,81,80,24509,24401,12804.351,-23.517,12377.519,-2841.083,-22.345,0.0000
26496,26.4960,0.20,0.30,2.5200,1,42,81,79,152,148,24661,24549,12882.891,-23.311,12449.944,-2871.466,-23.172,0.3705
26717,26.7170,0.30,0.80,2.4700,-2,48,78,82,161,160,24822,24709,12966.928,-22.945,12527.142,-2904.674,-23.379,0.3803
26939,26.9390,0.50,0.80,2.4000,-3,52,77,83,159,154,24981,24863,13048.869,-22.372,12602.061,-2937.868,-24.414,0.3691
27070,27.0700,0.50,1.10,2.3200,-4,61,76,84,92,89,25073,24952,13096.253,-21.959,12645.103,-2957.688,-25.034,0.3617
27203,27.2030,0.60,0.40,2.2500,-2,14,78,82,85,87,25158,25039,13141.280,-21.527,12685.971,-2976.595,-24.621,0.3386
27325,27.3250,0.60,-0.20,2.1600,-1,34,79,81,89,91,25247,25130,13188.402,-21.033,12728.881,-2996.072,-24.207,0.3863
27330,27.3300,0.60,-0.20,2.1400,-1,56,79,81,1,1,25248,25131,13188.925,-21.028,12729.359,-2996.287,-24.207,0.1047
27459,27.4590,0.40,-0.80,2.1100,2,42,82,78,85,87,25333,25218,13233.953,-20.635,12770.495,-3014.602,-23.793,0.3491
27671,27.6710,0.30,-0.90,2.0600,3,50,83,77,140,140,25473,25358,13307.255,-20.187,12837.569,-3044.176,-23.793,0.3458
27883,27.8830,0.30,-0.40,2.0100,1,55,81,79,137,134,25610,25492,13378.202,-19.816,12902.330,-3073.149,-24.414,0.3347
28005,28.0050,0.40,0.50,1.9500,-2,64,78,82,81,82,25691,25574,13420.875,-19.555,12941.220,-3090.717,-24.207,0.3498
28010,28.0100,0.40,0.50,1.9400,-2,77,78,82,1,0,25692,25574,13421.136,-19.553,12941.458,-3090.825,-24.414,0.0524
28139,28.1390,0.50,-0.20,1.9100,0,47,80,80,88,88,25780,25662,13467.212,-19.191,12983.415,-3109.870,-24.414,0.3572
28262,28.2620,0.40,-0.10,1.8400,0,58,80,80,87,88,25867,25750,13513.025,-18.831,13025.168,-3128.731,-24.207,0.3725
28266,28.2660,0.40,-0.10,1.8200,0,72,80,80,3,3,25870,25753,13514.596,-18.820,13026.600,-3129.375,-24.207,0.3927
28370,28.3700,0.40,-0.50,1.8000,1,39,81,79,67,65,25937,25818,13549.153,-18.579,13058.068,-3143.658,-24.621,0.3323
28582,28.5820,0.50,-0.10,1.7300,-1,47,79,81,146,143,26083,25961,13624.810,-17.985,13126.678,-3175.551,-25.241,0.3569
28583,28.5830,0.50,-0.10,1.7300,-1,47,79,81,146,143,26229,26104,13700.467,-17.325,13194.938,-3208.185,-25.862,0.0000
28795,28.7950,0.60,0.10,1.6400,-2,52,78,82,146,146,26375,26250,13776.909,-16.591,13263.727,-3241.531,-25.862,0.3606
29016,29.0160,0.40,-0.80,1.5800,2,56,82,78,146,150,26521,26400,13854.399,-15.915,13333.701,-3274.829,-25.034,0.3506
29017,29.0170,0.40,-0.80,1.5800,2,56,82,78,146,150,26667,26550,13931.890,-15.374,13404.148,-3307.113,-24.207,0.0000
29238,29.2380,-0.00,-1.10,1.5800,5,59,85,75,137,142,26804,26692,14004.931,-15.119,13471.035,-3336.460,-23.172,0.3305
29369,29.3690,-0.10,-1.20,1.5900,6,66,86,74,78,80,26882,26772,14046.296,-15.155,13509.121,-3352.600,-22.759,0.3158
29370,29.3700,-0.10,-1.20,1.5900,6,66,86,74,78,80,26960,26852,14087.660,-15.227,13547.322,-3368.464,-22.345,0.0000
29502,29.5020,-0.00,-0.00,1.6000,2,25,82,78,75,72,27035,26924,14126.144,-15.261,13582.837,-3383.287,-22.966,0.2915
29713,29.7130,0.20,0.70,1.5700,-2,37,78,82,147,142,27182,27066,14201.804,-15.128,13652.231,-3413.436,-24.000,0.3586
29714,29.7140,0.20,0.70,1.5700,-2,37,78,82,147,142,27329,27208,14277.464,-14.864,13721.069,-3444.832,-25.034,0.0000
29935,29.9350,0.20,0.30,1.5400,-1,44,79,81,151,150,27480,27358,14356.265,-14.589,13792.408,-3478.307,-25.241,0.3566
30156,30.1560,0.20,0.40,1.5100,-1,50,79,81,148,149,27628,27507,14434.019,-14.318,13862.798,-3511.337,-25.034,0.3518
30157,30.1570,0.20,0.40,1.5100,-1,50,79,81,148,149,27776,27656,14511.773,-14.046,13933.307,-3544.113,-24.828,0.0000
30377,30.3770,0.30,-0.40,1.4700,1,54,81,79,150,146,27926,27802,14589.265,-13.708,14003.400,-3577.158,-25.655,0.3522
30378,30.3780,0.30,-0.40,1.4700,1,54,81,79,150,146,28076,27948,14666.756,-13.303,14073.009,-3611.212,-26.483,0.0000
30509,30.5090,0.30,-0.60,1.4200,2,62,82,78,89,88,28165,28036,14713.094,-13.060,14114.448,-3631.951,-26.690,0.3537
30641,30.6410,0.20,-0.70,1.3900,3,22,83,77,73,76,28238,28112,14752.102,-12.890,14149.394,-3649.283,-26.069,0.2955
30642,30.6420,0.20,-0.70,1.3900,3,22,83,77,73,76,28311,28188,14791.110,-12.754,14184.526,-3666.235,-25.448,0.0000
30763,30.7630,0.20,-0.90,1.3600,3,41,83,77,75,78,28386,28266,14831.165,-12.614,14220.788,-3683.250,-24.828,0.3310
30768,30.7680,0.20,-0.90,1.3500,3,60,83,77,1,1,28387,28267,14831.688,-12.612,14221.263,-3683.470,-24.828,0.1047
30897,30.8970,-0.10,-1.20,1.3500,6,34,86,74,73,76,28460,28343,14870.696,-12.578,14256.754,-3699.657,-24.207,0.3024
31019,31.0190,-0.10,-1.50,1.3700,7,49,87,73,76,75,28536,28418,14910.228,-12.647,14292.780,-3715.932,-24.414,0.3240
31023,31.0230,-0.10,-1.50,1.3700,7,49,87,73,76,75,28612,28493,14949.760,-12.716,14328.748,-3732.336,-24.621,9.8829
31143,31.1430,-0.10,0.00,1.3900,2,24,82,78,69,66,28681,28559,14985.103,-12.778,14360.797,-3747.234,-25.241,0.2945
31355,31.3550,0.10,-0.10,1.3700,1,36,81,79,144,139,28825,28698,15059.192,-12.778,14427.524,-3779.432,-26.276,0.3495
31576,31.5760,0.10,0.00,1.3500,1,44,81,79,144,149,28969,28847,15135.899,-12.644,14496.610,-3812.767,-25.241,0.3471
31797,31.7970,-0.00,-0.70,1.3600,4,49,84,76,147,147,29116,28994,15212.868,-12.577,14566.230,-3845.589,-25.241,0.3483
31928,31.9280,-0.00,-0.90,1.3600,4,58,84,76,92,87,29208,29081,15259.730,-12.577,14608.435,-3865.955,-26.276,0.3577
31929,31.9290,-0.00,-0.90,1.3600,4,58,84,76,92,87,29300,29168,15306.592,-12.577,14650.266,-3887.079,-27.310,0.0000
