t_ms,mode,run,el,er,yaw,yr,pc,hd,OL,OR,sb,lp
106,S,1,0,0,0.0,0.0,0,0,0,0,0,0.00
126,S,1,0,0,0.0,0.0,1,0,1,1,0,0.00
146,S,1,3,3,0.0,0.0,0,0,0,0,0,0.00
166,S,1,0,2,0.0,0.0,0,0,0,0,0,0.00
186,S,1,0,0,0.0,0.0,1,0,1,1,0,0.00
317,S,1,0,1,0.0,0.0,1,0,1,1,0,0.00
337,S,1,1,1,0.0,0.0,1,0,1,1,0,0.00
357,S,1,1,1,0.0,0.0,0,0,0,0,0,0.00
377,S,1,1,1,0.0,0.0,1,0,1,1,0,0.00
397,S,1,2,1,0.0,0.0,0,0,0,0,0,0.00
593,S,1,0,0,-0.0,-0.0,1,0,1,1,0,0.00
593,S,1,23,22,-0.0,-0.0,0,0,0,0,0,0.00
706,S,1,7,4,-0.0,-0.0,0,0,0,0,0,0.00
726,S,1,0,0,-0.0,-0.0,1,0,1,1,0,0.00
746,S,1,3,4,-0.0,-0.0,0,0,0,0,0,0.00
766,S,1,1,1,-0.0,-0.0,0,0,0,0,0,0.00
786,S,1,0,0,-0.0,-0.0,1,0,1,1,0,0.00
910,S,1,1,1,0.0,0.1,1,0,1,1,0,0.00
930,S,1,3,2,0.0,0.1,0,0,0,0,0,0.00
950,S,1,0,1,0.0,0.1,0,0,0,0,0,0.00
970,S,1,0,0,0.0,0.1,1,0,1,1,0,0.00
990,S,1,2,1,0.0,0.1,1,0,1,1,0,0.00
1196,S,1,1,1,0.1,0.1,1,0,1,1,0,0.00
1326,S,1,37,36,0.2,0.3,0,0,0,0,0,0.00
1329,S,1,1,0,0.2,0.3,0,0,0,0,0,0.00
1349,S,1,1,1,0.2,0.3,0,0,0,0,0,0.00
1369,S,1,2,0,0.2,0.3,0,0,0,0,0,0.00
1389,S,1,1,0,0.2,0.3,1,0,1,1,0,0.00
1510,S,1,43,43,0.2,0.3,0,0,0,0,0,0.00
1613,S,1,12,9,0.3,0.3,0,0,0,0,0,0.00
1719,S,1,0,0,0.3,0.3,0,0,0,0,0,0.00
1739,S,1,0,0,0.3,0.3,0,0,0,0,0,0.00
1759,S,1,1,1,0.3,0.3,1,0,1,1,0,0.00
1779,S,1,4,3,0.3,0.3,0,0,0,0,0,0.00
1799,S,1,0,0,0.3,0.3,0,0,0,0,0,0.00
1930,S,1,39,40,0.5,0.6,0,0,0,0,0,0.00
1950,S,1,3,3,0.5,0.6,0,0,0,0,0,0.00
1970,S,1,1,1,0.5,0.6,0,0,0,0,0,0.00
1990,S,1,1,1,0.5,0.6,0,0,0,0,0,0.00
2010,S,1,2,1,0.5,0.6,0,0,0,0,0,0.00
2206,S,1,0,0,0.5,0.4,0,0,0,0,0,0.00
2207,S,1,0,0,0.5,0.4,1,0,1,1,0,0.00
2319,S,1,41,41,0.5,0.4,0,0,0,0,0,0.00
2339,S,1,2,2,0.5,0.4,0,0,0,0,0,0.00
2359,S,1,0,1,0.5,0.4,0,0,0,0,0,0.00
2379,S,1,1,2,0.5,0.4,0,0,0,0,0,0.00
2399,S,1,1,1,0.5,0.4,0,0,0,0,0,0.00
2523,S,1,37,38,0.5,0.3,0,0,0,0,0,0.00
2543,S,1,3,2,0.5,0.3,0,0,0,0,0,0.00
2563,S,1,1,1,0.5,0.3,0,0,0,0,0,0.00
2583,S,1,1,1,0.5,0.3,0,0,0,0,0,0.00
2603,S,1,1,0,0.5,0.3,0,0,0,0,0,0.00
2780,S,1,72,71,0.5,0.2,-1,0,-1,-1,0,0.00
2800,S,1,1,1,0.5,0.2,0,0,0,0,0,0.00
3030,S,1,4,3,0.8,0.5,0,0,0,0,0,0.00
3030,S,1,0,0,0.8,0.5,0,0,0,0,0,0.00
3137,S,1,0,0,0.8,0.5,1,0,1,1,0,0.00
3157,S,1,1,1,0.8,0.5,1,0,1,1,0,0.00
3177,S,1,1,3,0.8,0.5,0,0,0,0,0,0.00
3197,S,1,0,0,0.8,0.5,1,0,1,1,0,0.00
3217,S,1,2,2,0.8,0.5,0,0,0,0,0,0.00
3347,S,1,38,39,0.8,0.3,0,0,0,0,0,0.00
3367,S,1,4,3,0.8,0.3,0,0,0,0,0,0.00
3387,S,1,2,0,0.8,0.3,0,0,0,0,0,0.00
3407,S,1,2,1,0.8,0.3,0,0,0,0,0,0.00
3427,S,1,2,1,0.8,0.3,0,0,0,0,0,0.00
3593,S,1,0,0,0.8,0.2,1,0,1,1,0,0.00
3593,S,1,17,18,0.8,0.2,0,0,0,0,0,0.00
3613,S,1,1,1,0.8,0.2,0,0,0,0,0,0.00
3736,S,1,47,43,0.8,0.2,0,0,0,0,0,0.00
3755,S,1,3,4,0.8,0.2,0,0,0,0,0,0.00
3775,S,1,0,0,0.8,0.2,0,0,0,0,0,0.00
3879,S,1,3,2,1.1,0.6,0,0,0,0,0,0.00
3986,S,1,0,0,1.1,0.6,1,0,1,1,0,0.00
4005,S,1,1,1,1.1,0.6,1,0,1,1,0,0.00
4025,S,1,2,4,1.1,0.6,0,0,0,0,0,0.00
4045,S,1,0,0,1.1,0.6,0,0,0,0,0,0.00
4065,S,1,1,2,1.1,0.6,0,0,0,0,0,0.00
4206,S,1,43,41,1.3,0.8,0,0,0,0,0,0.00
4226,S,1,4,3,1.3,0.8,0,0,0,0,0,0.00
4246,S,1,1,1,1.3,0.8,0,0,0,0,0,0.00
4266,S,1,1,0,1.3,0.8,0,0,0,0,0,0.00
4471,S,1,32,34,1.4,0.6,0,0,0,0,0,0.00
4472,S,1,9,6,1.4,0.6,0,0,0,0,0,0.00
4585,S,1,0,0,1.4,0.6,0,0,0,0,0,0.00
4605,S,1,1,0,1.4,0.6,1,0,1,1,0,0.00
4625,S,1,3,4,1.4,0.6,0,0,0,0,0,0.00
4645,S,1,0,1,1.4,0.6,0,0,0,0,0,0.00
4665,S,1,0,0,1.4,0.6,1,0,1,1,0,0.00
4788,S,1,0,15,1.7,0.9,0,0,0,0,0,0.00
4808,S,1,1,0,1.7,0.9,1,0,1,1,0,0.00
4828,S,1,1,0,1.7,0.9,0,0,0,0,0,0.00
4848,S,1,1,1,1.7,0.9,1,0,1,1,0,0.00
4868,S,1,1,1,1.7,0.9,0,0,0,0,0,0.00
5075,S,1,51,55,1.7,0.6,0,0,0,0,0,0.00
5199,S,1,5,5,1.0,-0.8,0,0,0,0,0,0.00
5207,S,1,0,0,1.0,-0.8,0,2,0,0,0,0.00
5227,S,1,0,0,1.0,-0.8,1,0,1,1,0,0.00
5247,S,1,4,3,1.0,-0.8,0,0,0,0,0,0.00
5267,S,1,1,2,1.0,-0.8,0,0,0,0,0,0.00
5388,S,1,18,20,1.0,-0.8,0,0,0,0,0,0.00
5486,S,1,1,0,0.6,-1.1,0,0,0,0,0,0.00
5592,S,1,0,0,0.6,-1.1,1,0,1,1,0,0.00
5612,S,1,2,2,0.6,-1.1,0,0,0,0,0,0.00
5632,S,1,2,1,0.6,-1.1,0,0,0,0,0,0.00
5652,S,1,0,0,0.6,-1.1,1,0,1,1,0,0.00
5672,S,1,1,1,0.6,-1.1,1,0,1,1,0,0.00
5697,S,1,0,0,0.5,-0.9,1,0,1,1,0,0.00
5803,S,1,23,25,0.5,-0.9,0,0,0,0,0,0.00
5823,S,1,1,2,0.5,-0.9,0,0,0,0,0,0.00
5843,S,1,0,0,0.5,-0.9,0,0,0,0,0,0.00
5863,S,1,1,1,0.5,-0.9,1,0,1,1,0,0.00
5883,S,1,4,3,0.5,-0.9,0,0,0,0,0,0.00
6089,S,1,0,0,0.5,-0.6,0,0,0,0,0,0.00
6217,S,1,0,0,0.3,-0.7,0,0,0,0,0,0.00
6221,S,1,0,0,0.3,-0.7,1,0,1,1,0,0.00
6241,S,1,2,1,0.3,-0.7,1,0,1,1,0,0.00
6261,S,1,0,1,0.3,-0.7,1,0,1,1,0,0.00
6281,S,1,2,3,0.3,-0.7,0,0,0,0,0,0.00
6402,S,1,1,0,0.3,-0.7,1,0,1,1,0,0.00
6479,S,1,16,17,0.3,-0.4,0,0,0,0,0,0.00
6602,S,1,2,1,0.3,-0.4,0,0,0,0,0,0.00
6621,S,1,1,1,0.3,-0.4,1,0,1,1,0,0.00
6641,S,1,3,3,0.3,-0.4,0,0,0,0,0,0.00
6661,S,1,0,0,0.3,-0.4,0,0,0,0,0,0.00
6761,S,1,19,21,0.1,-0.6,0,0,0,0,0,0.00
6868,S,1,7,7,0.1,-0.6,0,0,0,0,0,0.00
6888,S,1,0,0,0.1,-0.6,1,0,1,1,0,0.00
6908,S,1,4,3,0.1,-0.6,0,0,0,0,0,0.00
6928,S,1,1,1,0.1,-0.6,0,0,0,0,0,0.00
6948,S,1,0,0,0.1,-0.6,1,0,1,1,0,0.00
7087,S,1,37,43,-0.0,-0.7,0,0,0,0,0,0.00
7107,S,1,3,4,-0.0,-0.7,0,0,0,0,0,0.00
7127,S,1,2,1,-0.0,-0.7,0,0,0,0,0,0.00
7147,S,1,1,1,-0.0,-0.7,0,0,0,0,0,0.00
7324,S,1,0,0,-0.1,-0.6,1,0,1,1,0,0.00
7324,S,1,15,18,-0.1,-0.6,0,0,0,0,0,0.00
7344,S,1,1,1,-0.1,-0.6,0,0,0,0,0,0.00
7467,S,1,49,53,-0.1,-0.6,0,0,0,0,0,0.00
7486,S,1,5,5,-0.1,-0.6,0,0,0,0,0,0.00
7506,S,1,2,2,-0.1,-0.6,0,0,0,0,0,0.00
7611,S,1,5,5,-0.7,-1.3,0,0,0,0,0,0.00
7717,S,1,0,0,-0.7,-1.3,0,0,0,0,0,0.00
7737,S,1,1,1,-0.7,-1.3,1,0,1,1,0,0.00
7757,S,1,3,4,-0.7,-1.3,0,0,0,0,0,0.00
7777,S,1,0,0,-0.7,-1.3,0,0,0,0,0,0.00
7797,S,1,0,0,-0.7,-1.3,1,0,1,1,0,0.00
7932,S,1,1,1,-1.3,-1.9,1,0,1,1,0,0.00
7952,S,1,2,2,-1.3,-1.9,0,0,0,0,0,0.00
7972,S,1,0,0,-1.3,-1.9,0,0,0,0,0,0.00
7992,S,1,1,1,-1.3,-1.9,1,0,1,1,0,0.00
