tick,exp_id,t_ms,run,ts,st,lt,rt,kp,ki,kd,lp,lpr,y,yr,el,er,ed,dl,dr,cl,cr,la,ra,lse,rse,lso,rso,lc,rc,cd,cde,cdi,cdo,L,R,pwm_max,miss,lost,sensor_count,sensor_score,sensor_state,s1,s2,s3,s4,s5,s6,s7,s8,raw_line
6006,0,0.0,0,0.0,0.0,0.0,0.0,1.5,0.0,0.12,0.0,0.0,0.004331,-0.000536,0.0,0.0,0.0,0,0,0,0,0.0,0.0,0.0,0.0,0.0,0.0,0,0,0,0.0,0.0,0.0,0.0,0.0,0.0,0.0,0.0,0,0.0,line_missing,0,0,0,0,0,0,0,0,STAT tick=6006 run=0 ts=0.000000 as=0.000000 ta=0.000000 aa=0.000000 se=0.000000 so=0.000000 ae=0.000000 ao=0.000000 pwm=0 pc=0 hd=0 y=0.004331 p=-0.822976 r=5.534968 yr=-0.000536 ax=0 ay=0 az=0 gx=0 gy=0 gz=0 who=0x85 addr=0x4A icm_ok=22 icm_fail=0 L=0 R=0 OL=0 OR=0 el=0 er=0 ed=0 dl=0 dr=0 cl=0 cr=0 skp=0.600000 ski=0.012000 skd=0.000000 akp=1.500000 aki=0.000000 akd=0.120000 ok=22 fail=0 rx=6 txdrop=0
11802,0,0.0,0,18.0,0.0,0.0,0.0,0.5,0.004,0.0,0.0,0.0,0.0,0.0,0.0,0.0,0.0,0,0,0,0,0.0,0.0,0.0,0.0,0.0,0.0,0,0,0,0.0,0.0,0.0,0.0,0.0,60.0,0.0,0.0,0,0.0,line_missing,0,0,0,0,0,0,0,0,STAT tick=11802 exp_id=0 t_ms=0 run=0 ts=18.000000 skp=10.000000 ski=0.250000 skd=0.000000 kp=0.500000 ki=0.004000 kd=0.000000 st=0.000000 lt=0.000000 rt=0.000000 la=0.000000 ra=0.000000 lse=0.000000 rse=0.000000 lso=0.000000 rso=0.000000 lc=0 rc=0 cd=0 cde=0.000000 cdi=0.000000 cdo=0.000000 lp=0.000000 lpr=0.000000 le=0.000000 li=0.000000 lout=0.000000 diff=0.000000 y=0.000000 yr=0.000000 el=0.000 er=0.000 ed=0.000 dl=0 dr=0 cl=0 cr=0 L=0 R=0 pwm_max=60 miss=0 lost=0 s1=0 s2=0 s3=0 s4=0 s5=0 s6=0 s7=0 s8=0 rx=120 txdrop=0
12001,0,0.0,0,18.0,0.0,0.0,0.0,0.5,0.004,0.0,0.0,0.0,0.0,0.0,0.0,0.0,0.0,0,0,0,0,0.0,0.0,0.0,0.0,0.0,0.0,0,0,0,0.0,0.0,0.0,0.0,0.0,0.0,0.0,0.0,0,0.0,line_missing,0,0,0,0,0,0,0,0,"TRK tick=12001 exp_id=0 t_ms=0 run=0 ts=18.000 kp=0.500 ki=0.004 kd=0.000 st=0.000 lt=0.000 rt=0.000 la=0CMD #EXP=RUN,38,15000!"
12603,38,294.0,1,18.0,1.8,0.974,0.974,0.5,0.004,0.0,0.0,0.0,0.049,1.425,0.0,0.0,0.0,0,0,0,0,0.0,0.0,0.974,0.974,26.009,25.996,9,12,-3,3.0,0.0,0.004,26.0,25.0,0.0,0.0,0.0,0,0.0,line_missing,0,0,0,0,0,0,0,0,TRK tick=12603 exp_id=38 t_ms=294 run=1 ts=18.000 kp=0.500 ki=0.004 kd=0.000 st=1.800 lt=0.974 rt=0.974 la=0.000 ra=0.000 lse=0.974 rse=0.974 lso=26.009 rso=25.996 lc=9 rc=12 cd=-3 cde=3.000 cdo=0.004 lp=0.000 lpr=0.000 y=0.049 yr=1.425 el=0.000 er=0.000 ed=0.000 dl=0 dr=0 cl=0 cr=0 L=26 R=25 s1=0 s2=0 s3=0 s4=0 s5=0 s6=0 s7=0 s8=0 rx=152 txdrop=0
12907,38,598.0,1,18.0,1.8,1.33,1.33,0.5,0.004,0.0,0.0,0.0,7.124,130.842,0.25,0.25,0.0,0,0,0,0,0.25,0.25,1.08,1.08,25.835,26.66,687,577,110,-110.0,0.0,-0.165,25.0,26.0,0.0,0.0,0.0,0,0.0,line_missing,0,0,0,0,0,0,0,0,TRK tick=12907 exp_id=38 t_ms=598 run=1 ts=18.000 kp=0.500 ki=0.004 kd=0.000 st=1.800 lt=1.330 rt=1.330 la=0.250 ra=0.250 lse=1.080 rse=1.080 lso=25.835 rso=26.660 lc=687 rc=577 cd=110 cde=-110.000 cdo=-0.165 lp=0.000 lpr=0.000 y=7.124 yr=130.842 el=0.250 er=0.250 ed=0.000 dl=0 dr=0 cl=0 cr=0 L=25 R=26 s1=0 s2=0 s3=0 s4=0 s5=0 s6=0 s7=0 s8=0 rx=152 txdrop=0
13203,38,894.0,1,18.0,1.8,1.676,1.676,0.5,0.004,0.0,2.5,2.5,15.953,129.851,0.0,0.25,-0.25,0,0,0,0,0.0,0.25,1.676,1.426,20.687,23.79,1572,1363,209,-209.0,0.0,-0.314,20.0,23.0,0.0,0.0,0.0,0,0.0,line_missing,0,0,0,0,0,0,0,0,TRK tick=13203 exp_id=38 t_ms=894 run=1 ts=18.000 kp=0.500 ki=0.004 kd=0.000 st=1.800 lt=1.676 rt=1.676 la=0.000 ra=0.250 lse=1.676 rse=1.426 lso=20.687 rso=23.790 lc=1572 rc=1363 cd=209 cde=-209.000 cdo=-0.314 lp=2.500 lpr=2.500 y=15.953 yr=129.851 el=0.000 er=0.250 ed=-0.250 dl=0 dr=0 cl=0 cr=0 L=20 R=23 s1=0 s2=0 s3=0 s4=0 s5=0 s6=0 s7=0 s8=0 rx=152 txdrop=0
13506,38,1197.0,1,18.0,1.8,1.8,1.8,0.5,0.004,0.0,0.225,0.5,15.824,18.165,0.0,0.25,-0.25,0,0,0,0,0.0,0.25,1.8,1.55,27.417,27.138,2292,2102,190,-190.0,0.0,-0.285,27.0,27.0,0.0,0.0,0.0,0,0.0,line_missing,0,0,0,0,0,0,0,0,TRK tick=13506 exp_id=38 t_ms=1197 run=1 ts=18.000 kp=0.500 ki=0.004 kd=0.000 st=1.800 lt=1.800 rt=1.800 la=0.000 ra=0.250 lse=1.800 rse=1.550 lso=27.417 rso=27.138 lc=2292 rc=2102 cd=190 cde=-190.000 cdo=-0.285 lp=0.225 lpr=0.500 y=15.824 yr=18.165 el=0.000 er=0.250 ed=-0.250 dl=0 dr=0 cl=0 cr=0 L=27 R=27 s1=0 s2=0 s3=0 s4=0 s5=0 s6=0 s7=0 s8=0 rx=152 txdrop=0
13803,38,1494.0,1,18.0,1.8,1.8,1.8,0.5,0.004,0.0,-0.9,-1.5,13.074,-36.543,0.0,0.0,0.0,0,0,0,0,0.0,0.0,1.8,1.8,28.213,29.12,3139,2984,155,-155.0,0.0,-0.233,28.0,29.0,0.0,0.0,0.0,0,0.0,line_missing,0,0,0,0,0,0,0,0,TRK tick=13803 exp_id=38 t_ms=1494 run=1 ts=18.000 kp=0.500 ki=0.004 kd=0.000 st=1.800 lt=1.800 rt=1.800 la=0.000 ra=0.000 lse=1.800 rse=1.800 lso=28.213 rso=29.120 lc=3139 rc=2984 cd=155 cde=-155.000 cdo=-0.233 lp=-0.900 lpr=-1.500 y=13.074 yr=-36.543 el=0.000 er=0.000 ed=0.000 dl=0 dr=0 cl=0 cr=0 L=28 R=29 s1=0 s2=0 s3=0 s4=0 s5=0 s6=0 s7=0 s8=0 rx=152 txdrop=0
14106,38,1797.0,1,18.0,1.8,1.8,1.8,0.5,0.004,0.0,-3.5,-3.5,9.539,-45.932,0.0,0.25,-0.25,0,1,0,0,0.0,0.25,1.8,1.55,28.479,26.98,4103,4015,88,-88.0,0.0,-0.132,28.0,26.0,0.0,0.0,0.0,1,3.5,right_bias,1,0,0,0,0,0,0,0,TRK tick=14106 exp_id=38 t_ms=1797 run=1 ts=18.000 kp=0.500 ki=0.004 kd=0.000 st=1.800 lt=1.800 rt=1.800 la=0.000 ra=0.250 lse=1.800 rse=1.550 lso=28.479 rso=26.980 lc=4103 rc=4015 cd=88 cde=-88.000 cdo=-0.132 lp=-3.500 lpr=-3.500 y=9.539 yr=-45.932 el=0.000 er=0.250 ed=-0.250 dl=0 dr=1 cl=0 cr=0 L=28 R=26 s1=1 s2=0 s3=0 s4=0 s5=0 s6=0 s7=0 s8=0 rx=152 txdrop=0
14402,38,2093.0,1,18.0,1.8,1.8,1.8,0.5,0.004,0.0,-3.5,-3.5,6.51,-50.144,0.25,0.25,0.0,0,0,0,0,0.25,0.25,1.55,1.55,26.095,26.409,5035,4981,54,-54.0,0.0,-0.081,26.0,26.0,0.0,0.0,0.0,0,0.0,line_missing,0,0,0,0,0,0,0,0,TRK tick=14402 exp_id=38 t_ms=2093 run=1 ts=18.000 kp=0.500 ki=0.004 kd=0.000 st=1.800 lt=1.800 rt=1.800 la=0.250 ra=0.250 lse=1.550 rse=1.550 lso=26.095 rso=26.409 lc=5035 rc=4981 cd=54 cde=-54.000 cdo=-0.081 lp=-3.500 lpr=-3.500 y=6.510 yr=-50.144 el=0.250 er=0.250 ed=0.000 dl=0 dr=0 cl=0 cr=0 L=26 R=26 s1=0 s2=0 s3=0 s4=0 s5=0 s6=0 s7=0 s8=0 rx=152 txdrop=0
14706,38,2397.0,1,18.0,1.8,1.8,1.8,0.5,0.004,0.0,-3.5,-3.5,3.87,-37.221,0.0,0.0,0.0,0,0,0,0,0.0,0.0,1.8,1.8,25.95,28.438,5898,5887,11,-11.0,0.0,-0.016,25.0,28.0,0.0,0.0,0.0,0,0.0,line_missing,0,0,0,0,0,0,0,0,TRK tick=14706 exp_id=38 t_ms=2397 run=1 ts=18.000 kp=0.500 ki=0.004 kd=0.000 st=1.800 lt=1.800 rt=1.800 la=0.000 ra=0.000 lse=1.800 rse=1.800 lso=25.950 rso=28.438 lc=5898 rc=5887 cd=11 cde=-11.000 cdo=-0.016 lp=-3.500 lpr=-3.500 y=3.870 yr=-37.221 el=0.000 er=0.000 ed=0.000 dl=0 dr=0 cl=0 cr=0 L=25 R=28 s1=0 s2=0 s3=0 s4=0 s5=0 s6=0 s7=0 s8=0 rx=152 txdrop=0
15002,38,2693.0,1,18.0,1.8,1.8,1.8,0.5,0.004,0.0,-3.5,-3.5,-0.43,-65.803,0.0,0.0,0.0,0,1,0,0,0.0,0.0,1.8,1.8,25.091,20.909,6724,6785,-61,61.0,0.0,0.091,25.0,20.0,0.0,0.0,0.0,0,0.0,line_missing,0,0,0,0,0,0,0,0,TRK tick=15002 exp_id=38 t_ms=2693 run=1 ts=18.000 kp=0.500 ki=0.004 kd=0.000 st=1.800 lt=1.800 rt=1.800 la=0.000 ra=0.000 lse=1.800 rse=1.800 lso=25.091 rso=20.909 lc=6724 rc=6785 cd=-61 cde=61.000 cdo=0.091 lp=-3.500 lpr=-3.500 y=-0.430 yr=-65.803 el=0.000 er=0.000 ed=0.000 dl=0 dr=1 cl=0 cr=0 L=25 R=20 s1=0 s2=0 s3=0 s4=0 s5=0 s6=0 s7=0 s8=0 rx=152 txdrop=0
15305,38,2996.0,1,18.0,1.8,1.8,1.8,0.5,0.004,0.0,-3.5,-3.5,0.797,13.98,0.25,0.25,0.0,0,0,0,0,0.25,0.25,1.55,1.55,25.352,19.941,7507,7520,-13,13.0,0.0,0.02,25.0,19.0,0.0,0.0,0.0,0,0.0,line_missing,0,0,0,0,0,0,0,0,TRK tick=15305 exp_id=38 t_ms=2996 run=1 ts=18.000 kp=0.500 ki=0.004 kd=0.000 st=1.800 lt=1.800 rt=1.800 la=0.250 ra=0.250 lse=1.550 rse=1.550 lso=25.352 rso=19.941 lc=7507 rc=7520 cd=-13 cde=13.000 cdo=0.020 lp=-3.500 lpr=-3.500 y=0.797 yr=13.980 el=0.250 er=0.250 ed=0.000 dl=0 dr=0 cl=0 cr=0 L=25 R=19 s1=0 s2=0 s3=0 s4=0 s5=0 s6=0 s7=0 s8=0 rx=152 txdrop=0
15602,38,3293.0,1,18.0,1.8,1.8,1.8,0.5,0.004,0.0,-3.5,-3.5,7.285,107.302,0.25,0.25,0.0,0,0,0,0,0.25,0.25,1.55,1.55,25.43,26.119,8316,8209,107,-107.0,0.0,-0.161,25.0,26.0,0.0,0.0,0.0,0,0.0,line_missing,0,0,0,0,0,0,0,0,TRK tick=15602 exp_id=38 t_ms=3293 run=1 ts=18.000 kp=0.500 ki=0.004 kd=0.000 st=1.800 lt=1.800 rt=1.800 la=0.250 ra=0.250 lse=1.550 rse=1.550 lso=25.430 rso=26.119 lc=8316 rc=8209 cd=107 cde=-107.000 cdo=-0.161 lp=-3.500 lpr=-3.500 y=7.285 yr=107.302 el=0.250 er=0.250 ed=0.000 dl=0 dr=0 cl=0 cr=0 L=25 R=26 s1=0 s2=0 s3=0 s4=0 s5=0 s6=0 s7=0 s8=0 rx=152 txdrop=0
15905,38,3596.0,1,18.0,1.8,1.8,1.8,0.5,0.004,0.0,-3.5,-3.5,12.316,60.85,0.25,0.25,0.0,0,1,0,0,0.25,0.25,1.55,1.55,23.26,26.471,9180,9016,164,-164.0,0.0,-0.246,23.0,26.0,0.0,0.0,0.0,0,0.0,line_missing,0,0,0,0,0,0,0,0,TRK tick=15905 exp_id=38 t_ms=3596 run=1 ts=18.000 kp=0.500 ki=0.004 kd=0.000 st=1.800 lt=1.800 rt=1.800 la=0.250 ra=0.250 lse=1.550 rse=1.550 lso=23.260 rso=26.471 lc=9180 rc=9016 cd=164 cde=-164.000 cdo=-0.246 lp=-3.500 lpr=-3.500 y=12.316 yr=60.850 el=0.250 er=0.250 ed=0.000 dl=0 dr=1 cl=0 cr=0 L=23 R=26 s1=0 s2=0 s3=0 s4=0 s5=0 s6=0 s7=0 s8=0 rx=152 txdrop=0
16201,38,3892.0,1,18.0,1.8,1.8,1.8,0.5,0.004,0.0,-3.5,-3.5,11.148,-22.448,0.0,0.25,-0.25,0,0,0,0,0.0,0.25,1.8,1.55,15.809,25.44,10006,9879,127,-127.0,0.0,-0.191,15.0,25.0,0.0,0.0,0.0,0,0.0,line_missing,0,0,0,0,0,0,0,0,TRK tick=16201 exp_id=38 t_ms=3892 run=1 ts=18.000 kp=0.500 ki=0.004 kd=0.000 st=1.800 lt=1.800 rt=1.800 la=0.000 ra=0.250 lse=1.800 rse=1.550 lso=15.809 rso=25.440 lc=10006 rc=9879 cd=127 cde=-127.000 cdo=-0.191 lp=-3.500 lpr=-3.500 y=11.148 yr=-22.448 el=0.000 er=0.250 ed=-0.250 dl=0 dr=0 cl=0 cr=0 L=15 R=25 s1=0 s2=0 s3=0 s4=0 s5=0 s6=0 s7=0 s8=0 rx=152 txdrop=0
16504,38,4195.0,1,18.0,1.8,1.8,1.8,0.5,0.004,0.0,-3.5,-3.5,2.998,-134.986,0.0,0.25,-0.25,0,0,0,0,0.0,0.25,1.8,1.55,29.122,25.16,10604,10716,-112,112.0,0.0,0.168,29.0,25.0,0.0,0.0,0.0,0,0.0,line_missing,0,0,0,0,0,0,0,0,TRK tick=16504 exp_id=38 t_ms=4195 run=1 ts=18.000 kp=0.500 ki=0.004 kd=0.000 st=1.800 lt=1.800 rt=1.800 la=0.000 ra=0.250 lse=1.800 rse=1.550 lso=29.122 rso=25.160 lc=10604 rc=10716 cd=-112 cde=112.000 cdo=0.168 lp=-3.500 lpr=-3.500 y=2.998 yr=-134.986 el=0.000 er=0.250 ed=-0.250 dl=0 dr=0 cl=0 cr=0 L=29 R=25 s1=0 s2=0 s3=0 s4=0 s5=0 s6=0 s7=0 s8=0 rx=152 txdrop=0
16801,38,4492.0,1,18.0,1.8,1.8,1.8,0.5,0.004,0.0,-3.5,-3.5,-9.108,-104.344,0.25,0.25,0.0,0,0,0,0,0.25,0.25,1.55,1.55,25.681,17.745,11433,11603,-170,170.0,0.0,0.255,25.0,17.0,0.0,0.0,0.0,0,0.0,line_missing,0,0,0,0,0,0,0,0,TRK tick=16801 exp_id=38 t_ms=4492 run=1 ts=18.000 kp=0.500 ki=0.004 kd=0.000 st=1.800 lt=1.800 rt=1.800 la=0.250 ra=0.250 lse=1.550 rse=1.550 lso=25.681 rso=17.745 lc=11433 rc=11603 cd=-170 cde=170.000 cdo=0.255 lp=-3.500 lpr=-3.500 y=-9.108 yr=-104.344 el=0.250 er=0.250 ed=0.000 dl=0 dr=0 cl=0 cr=0 L=25 R=17 s1=0 s2=0 s3=0 s4=0 s5=0 s6=0 s7=0 s8=0 rx=152 txdrop=0
17104,38,4795.0,1,18.0,1.8,1.8,1.8,0.5,0.004,0.0,-3.5,-3.5,-1.634,112.107,0.0,0.25,-0.25,1,0,0,0,0.0,0.25,1.8,1.55,27.816,16.902,12276,12297,-21,21.0,0.0,0.032,27.0,16.0,0.0,0.0,0.0,0,0.0,line_missing,0,0,0,0,0,0,0,0,TRK tick=17104 exp_id=38 t_ms=4795 run=1 ts=18.000 kp=0.500 ki=0.004 kd=0.000 st=1.800 lt=1.800 rt=1.800 la=0.000 ra=0.250 lse=1.800 rse=1.550 lso=27.816 rso=16.902 lc=12276 rc=12297 cd=-21 cde=21.000 cdo=0.032 lp=-3.500 lpr=-3.500 y=-1.634 yr=112.107 el=0.000 er=0.250 ed=-0.250 dl=1 dr=0 cl=0 cr=0 L=27 R=16 s1=0 s2=0 s3=0 s4=0 s5=0 s6=0 s7=0 s8=0 rx=152 txdrop=0
17401,38,5092.0,1,18.0,1.8,1.8,1.8,0.5,0.004,0.0,-3.5,-3.5,6.096,126.721,0.25,0.0,0.25,0,0,0,0,0.25,0.0,1.55,1.8,15.607,21.393,13127,12865,262,-262.0,0.0,-0.393,15.0,21.0,0.0,0.0,0.0,0,0.0,line_missing,0,0,0,0,0,0,0,0,TRK tick=17401 exp_id=38 t_ms=5092 run=1 ts=18.000 kp=0.500 ki=0.004 kd=0.000 st=1.800 lt=1.800 rt=1.800 la=0.250 ra=0.000 lse=1.550 rse=1.800 lso=15.607 rso=21.393 lc=13127 rc=12865 cd=262 cde=-262.000 cdo=-0.393 lp=-3.500 lpr=-3.500 y=6.096 yr=126.721 el=0.250 er=0.000 ed=0.250 dl=0 dr=0 cl=0 cr=0 L=15 R=21 s1=0 s2=0 s3=0 s4=0 s5=0 s6=0 s7=0 s8=0 rx=152 txdrop=0
17704,38,5395.0,1,18.0,1.8,1.8,1.8,0.5,0.004,0.0,-3.5,-3.5,18.599,32.084,0.0,0.0,0.0,0,0,0,0,0.0,0.0,1.8,1.8,18.839,29.985,13740,13482,258,-258.0,0.0,-0.387,18.0,29.0,0.0,0.0,0.0,0,0.0,line_missing,0,0,0,0,0,0,0,0,TRK tick=17704 exp_id=38 t_ms=5395 run=1 ts=18.000 kp=0.500 ki=0.004 kd=0.000 st=1.800 lt=1.800 rt=1.800 la=0.000 ra=0.000 lse=1.800 rse=1.800 lso=18.839 rso=29.985 lc=13740 rc=13482 cd=258 cde=-258.000 cdo=-0.387 lp=-3.500 lpr=-3.500 y=18.599 yr=32.084 el=0.000 er=0.000 ed=0.000 dl=0 dr=0 cl=0 cr=0 L=18 R=29 s1=0 s2=0 s3=0 s4=0 s5=0 s6=0 s7=0 s8=0 rx=152 txdrop=0
18000,38,5691.0,1,18.0,1.8,1.8,1.8,0.5,0.004,0.0,-3.5,-3.5,11.845,-99.684,0.0,0.25,-0.25,0,0,0,0,0.0,0.25,1.8,1.55,18.004,24.996,14340,14343,-3,3.0,0.0,0.004,18.0,24.0,0.0,0.0,0.0,0,0.0,line_missing,0,0,0,0,0,0,0,0,TRK tick=18000 exp_id=38 t_ms=5691 run=1 ts=18.000 kp=0.500 ki=0.004 kd=0.000 st=1.800 lt=1.800 rt=1.800 la=0.000 ra=0.250 lse=1.800 rse=1.550 lso=18.004 rso=24.996 lc=14340 rc=14343 cd=-3 cde=3.000 cdo=0.004 lp=-3.500 lpr=-3.500 y=11.845 yr=-99.684 el=0.000 er=0.250 ed=-0.250 dl=0 dr=0 cl=0 cr=0 L=18 R=24 s1=0 s2=0 s3=0 s4=0 s5=0 s6=0 s7=0 s8=0 rx=152 txdrop=0
18304,38,5995.0,1,18.0,1.8,1.8,1.8,0.5,0.004,0.0,-3.5,-3.5,-5.275,-152.039,0.0,0.25,-0.25,0,0,0,0,0.0,0.25,1.8,1.55,30.832,24.062,14887,15235,-348,348.0,0.0,0.522,30.0,24.0,0.0,0.0,0.0,0,0.0,line_missing,0,0,0,0,0,0,0,0,TRK tick=18304 exp_id=38 t_ms=5995 run=1 ts=18.000 kp=0.500 ki=0.004 kd=0.000 st=1.800 lt=1.800 rt=1.800 la=0.000 ra=0.250 lse=1.800 rse=1.550 lso=30.832 rso=24.062 lc=14887 rc=15235 cd=-348 cde=348.000 cdo=0.522 lp=-3.500 lpr=-3.500 y=-5.275 yr=-152.039 el=0.000 er=0.250 ed=-0.250 dl=0 dr=0 cl=0 cr=0 L=30 R=24 s1=0 s2=0 s3=0 s4=0 s5=0 s6=0 s7=0 s8=0 rx=152 txdrop=0
18600,38,6291.0,1,18.0,1.8,1.8,1.8,0.5,0.004,0.0,-3.5,-3.5,-25.066,-132.635,0.25,0.0,0.25,0,0,0,0,0.25,0.0,1.55,1.8,27.358,21.402,15704,16103,-399,399.0,0.0,0.599,27.0,21.0,0.0,0.0,0.0,0,0.0,line_missing,0,0,0,0,0,0,0,0,TRK tick=18600 exp_id=38 t_ms=6291 run=1 ts=18.000 kp=0.500 ki=0.004 kd=0.000 st=1.800 lt=1.800 rt=1.800 la=0.250 ra=0.000 lse=1.550 rse=1.800 lso=27.358 rso=21.402 lc=15704 rc=16103 cd=-399 cde=399.000 cdo=0.599 lp=-3.500 lpr=-3.500 y=-25.066 yr=-132.635 el=0.250 er=0.000 ed=0.250 dl=0 dr=0 cl=0 cr=0 L=27 R=21 s1=0 s2=0 s3=0 s4=0 s5=0 s6=0 s7=0 s8=0 rx=152 txdrop=0
18904,38,6594.0,1,18.0,1.8,1.8,1.8,0.5,0.004,0.0,-3.5,-3.5,-16.981,107.279,0.0,0.25,-0.25,0,0,0,0,0.0,0.25,1.8,1.55,29.563,12.932,16638,16875,-237,237.0,0.0,0.356,29.0,12.0,0.0,0.0,0.0,0,0.0,line_missing,0,0,0,0,0,0,0,0,TRK tick=18904 exp_id=38 t_ms=6594 run=1 ts=18.000 kp=0.500 ki=0.004 kd=0.000 st=1.800 lt=1.800 rt=1.800 la=0.000 ra=0.250 lse=1.800 rse=1.550 lso=29.563 rso=12.932 lc=16638 rc=16875 cd=-237 cde=237.000 cdo=0.356 lp=-3.500 lpr=-3.500 y=-16.981 yr=107.279 el=0.000 er=0.250 ed=-0.250 dl=0 dr=0 cl=0 cr=0 L=29 R=12 s1=0 s2=0 s3=0 s4=0 s5=0 s6=0 s7=0 s8=0 rx=152 txdrop=0
19199,38,6890.0,1,18.0,1.8,1.8,1.8,0.5,0.004,0.0,-3.5,-3.5,-8.374,126.309,0.0,0.0,0.0,0,0,0,0,0.0,0.0,1.8,1.8,27.815,29.429,17566,17316,250,-250.0,0.0,-0.375,27.0,29.0,0.0,0.0,0.0,0,0.0,line_missing,0,0,0,0,0,0,0,0,TRK tick=19199 exp_id=38 t_ms=6890 run=1 ts=18.000 kp=0.500 ki=0.004 kd=0.000 st=1.800 lt=1.800 rt=1.800 la=0.000 ra=0.000 lse=1.800 rse=1.800 lso=27.815 rso=29.429 lc=17566 rc=17316 cd=250 cde=-250.000 cdo=-0.375 lp=-3.500 lpr=-3.500 y=-8.374 yr=126.309 el=0.000 er=0.000 ed=0.000 dl=0 dr=0 cl=0 cr=0 L=27 R=29 s1=0 s2=0 s3=0 s4=0 s5=0 s6=0 s7=0 s8=0 rx=152 txdrop=0
19502,38,7193.0,1,18.0,1.8,1.8,1.8,0.5,0.004,0.0,-3.5,-3.5,21.94,161.596,0.0,0.25,-0.25,0,0,0,0,0.0,0.25,1.8,1.55,26.499,29.376,18486,18043,443,-443.0,0.0,-0.664,26.0,29.0,0.0,0.0,0.0,0,0.0,line_missing,0,0,0,0,0,0,0,0,TRK tick=19502 exp_id=38 t_ms=7193 run=1 ts=18.000 kp=0.500 ki=0.004 kd=0.000 st=1.800 lt=1.800 rt=1.800 la=0.000 ra=0.250 lse=1.800 rse=1.550 lso=26.499 rso=29.376 lc=18486 rc=18043 cd=443 cde=-443.000 cdo=-0.664 lp=-3.500 lpr=-3.500 y=21.940 yr=161.596 el=0.000 er=0.250 ed=-0.250 dl=0 dr=0 cl=0 cr=0 L=26 R=29 s1=0 s2=0 s3=0 s4=0 s5=0 s6=0 s7=0 s8=0 rx=152 txdrop=0
19799,38,7490.0,1,18.0,1.8,1.8,1.8,0.5,0.004,0.0,-3.5,-3.5,41.082,84.564,0.25,0.25,0.0,0,0,0,0,0.25,0.25,1.55,1.55,25.848,28.938,19469,18960,509,-509.0,0.0,-0.764,25.0,28.0,0.0,0.0,0.0,0,0.0,line_missing,0,0,0,0,0,0,0,0,TRK tick=19799 exp_id=38 t_ms=7490 run=1 ts=18.000 kp=0.500 ki=0.004 kd=0.000 st=1.800 lt=1.800 rt=1.800 la=0.250 ra=0.250 lse=1.550 rse=1.550 lso=25.848 rso=28.938 lc=19469 rc=18960 cd=509 cde=-509.000 cdo=-0.764 lp=-3.500 lpr=-3.500 y=41.082 yr=84.564 el=0.250 er=0.250 ed=0.000 dl=0 dr=0 cl=0 cr=0 L=25 R=28 s1=0 s2=0 s3=0 s4=0 s5=0 s6=0 s7=0 s8=0 rx=152 txdrop=0
20102,38,7793.0,1,18.0,1.8,1.8,1.8,0.5,0.004,0.0,-3.5,-3.5,38.353,-20.007,0.0,0.25,-0.25,0,0,0,0,0.0,0.25,1.8,1.55,21.945,30.089,20398,19941,457,-457.0,0.0,-0.686,21.0,30.0,0.0,0.0,0.0,0,0.0,line_missing,0,0,0,0,0,0,0,0,TRK tick=20102 exp_id=38 t_ms=7793 run=1 ts=18.000 kp=0.500 ki=0.004 kd=0.000 st=1.800 lt=1.800 rt=1.800 la=0.000 ra=0.250 lse=1.800 rse=1.550 lso=21.945 rso=30.089 lc=20398 rc=19941 cd=457 cde=-457.000 cdo=-0.686 lp=-3.500 lpr=-3.500 y=38.353 yr=-20.007 el=0.000 er=0.250 ed=-0.250 dl=0 dr=0 cl=0 cr=0 L=21 R=30 s1=0 s2=0 s3=0 s4=0 s5=0 s6=0 s7=0 s8=0 rx=152 txdrop=0
20399,38,8090.0,1,18.0,1.8,1.8,1.8,0.5,0.004,0.0,-3.5,-3.5,27.086,-95.784,0.0,0.0,0.0,0,1,0,0,0.0,0.0,1.8,1.8,29.699,30.918,21194,20977,217,-217.0,0.0,-0.326,29.0,30.0,0.0,0.0,0.0,0,0.0,line_missing,0,0,0,0,0,0,0,0,TRK tick=20399 exp_id=38 t_ms=8090 run=1 ts=18.000 kp=0.500 ki=0.004 kd=0.000 st=1.800 lt=1.800 rt=1.800 la=0.000 ra=0.000 lse=1.800 rse=1.800 lso=29.699 rso=30.918 lc=21194 rc=20977 cd=217 cde=-217.000 cdo=-0.326 lp=-3.500 lpr=-3.500 y=27.086 yr=-95.784 el=0.000 er=0.000 ed=0.000 dl=0 dr=1 cl=0 cr=0 L=29 R=30 s1=0 s2=0 s3=0 s4=0 s5=0 s6=0 s7=0 s8=0 rx=152 txdrop=0
20702,38,8393.0,1,18.0,1.8,1.8,1.8,0.5,0.004,0.0,-3.5,-3.5,16.177,-149.081,0.25,0.25,0.0,0,0,0,0,0.25,0.25,1.55,1.55,27.642,27.567,22099,22096,3,-3.0,0.0,-0.004,27.0,27.0,0.0,0.0,0.0,0,0.0,line_missing,0,0,0,0,0,0,0,0,TRK tick=20702 exp_id=38 t_ms=8393 run=1 ts=18.000 kp=0.500 ki=0.004 kd=0.000 st=1.800 lt=1.800 rt=1.800 la=0.250 ra=0.250 lse=1.550 rse=1.550 lso=27.642 rso=27.567 lc=22099 rc=22096 cd=3 cde=-3.000 cdo=-0.004 lp=-3.500 lpr=-3.500 y=16.177 yr=-149.081 el=0.250 er=0.250 ed=0.000 dl=0 dr=0 cl=0 cr=0 L=27 R=27 s1=0 s2=0 s3=0 s4=0 s5=0 s6=0 s7=0 s8=0 rx=152 txdrop=0
20999,38,8690.0,1,18.0,1.8,1.8,1.8,0.5,0.004,0.0,-3.5,-3.5,3.718,-148.557,0.0,0.25,-0.25,0,0,0,0,0.0,0.25,1.8,1.55,30.935,27.446,23032,23176,-144,144.0,0.0,0.216,30.0,27.0,0.0,0.0,0.0,0,0.0,line_missing,0,0,0,0,0,0,0,0,TRK tick=20999 exp_id=38 t_ms=8690 run=1 ts=18.000 kp=0.500 ki=0.004 kd=0.000 st=1.800 lt=1.800 rt=1.800 la=0.000 ra=0.250 lse=1.800 rse=1.550 lso=30.935 rso=27.446 lc=23032 rc=23176 cd=-144 cde=144.000 cdo=0.216 lp=-3.500 lpr=-3.500 y=3.718 yr=-148.557 el=0.000 er=0.250 ed=-0.250 dl=0 dr=0 cl=0 cr=0 L=30 R=27 s1=0 s2=0 s3=0 s4=0 s5=0 s6=0 s7=0 s8=0 rx=152 txdrop=0
21302,38,8993.0,1,18.0,1.8,1.8,1.8,0.5,0.004,0.0,2.5,2.5,-2.511,-53.092,0.25,0.25,0.0,0,0,0,0,0.25,0.25,1.55,1.55,27.499,25.146,24037,24223,-186,186.0,0.0,0.279,27.0,25.0,0.0,0.0,0.0,0,0.0,line_missing,0,0,0,0,0,0,0,0,TRK tick=21302 exp_id=38 t_ms=8993 run=1 ts=18.000 kp=0.500 ki=0.004 kd=0.000 st=1.800 lt=1.800 rt=1.800 la=0.250 ra=0.250 lse=1.550 rse=1.550 lso=27.499 rso=25.146 lc=24037 rc=24223 cd=-186 cde=186.000 cdo=0.279 lp=2.500 lpr=2.500 y=-2.511 yr=-53.092 el=0.250 er=0.250 ed=0.000 dl=0 dr=0 cl=0 cr=0 L=27 R=25 s1=0 s2=0 s3=0 s4=0 s5=0 s6=0 s7=0 s8=0 rx=152 txdrop=0
21599,38,9290.0,1,18.0,1.8,1.8,1.8,0.5,0.004,0.0,2.5,2.5,-1.586,14.04,0.25,0.25,0.0,0,0,0,0,0.25,0.25,1.55,1.55,25.793,17.775,24972,25122,-150,150.0,0.0,0.225,25.0,17.0,0.0,0.0,0.0,0,0.0,line_missing,0,0,0,0,0,0,0,0,TRK tick=21599 exp_id=38 t_ms=9290 run=1 ts=18.000 kp=0.500 ki=0.004 kd=0.000 st=1.800 lt=1.800 rt=1.800 la=0.250 ra=0.250 lse=1.550 rse=1.550 lso=25.793 rso=17.775 lc=24972 rc=25122 cd=-150 cde=150.000 cdo=0.225 lp=2.500 lpr=2.500 y=-1.586 yr=14.040 el=0.250 er=0.250 ed=0.000 dl=0 dr=0 cl=0 cr=0 L=25 R=17 s1=0 s2=0 s3=0 s4=0 s5=0 s6=0 s7=0 s8=0 rx=152 txdrop=0
21902,38,9593.0,1,18.0,1.8,1.8,1.8,0.5,0.004,0.0,2.5,2.5,7.808,68.735,0.0,0.0,0.0,0,0,0,0,0.0,0.0,1.8,1.8,28.594,28.926,25816,25790,26,-26.0,0.0,-0.039,28.0,28.0,0.0,0.0,0.0,0,0.0,line_missing,0,0,0,0,0,0,0,0,TRK tick=21902 exp_id=38 t_ms=9593 run=1 ts=18.000 kp=0.500 ki=0.004 kd=0.000 st=1.800 lt=1.800 rt=1.800 la=0.000 ra=0.000 lse=1.800 rse=1.800 lso=28.594 rso=28.926 lc=25816 rc=25790 cd=26 cde=-26.000 cdo=-0.039 lp=2.500 lpr=2.500 y=7.808 yr=68.735 el=0.000 er=0.000 ed=0.000 dl=0 dr=0 cl=0 cr=0 L=28 R=28 s1=0 s2=0 s3=0 s4=0 s5=0 s6=0 s7=0 s8=0 rx=152 txdrop=0
22199,38,9890.0,1,18.0,1.8,1.8,1.8,0.5,0.004,0.0,2.5,2.5,15.484,119.091,0.25,0.0,0.25,0,0,0,0,0.25,0.0,1.55,1.8,20.793,28.207,26734,26596,138,-138.0,0.0,-0.207,20.0,28.0,0.0,0.0,0.0,0,0.0,line_missing,0,0,0,0,0,0,0,0,TRK tick=22199 exp_id=38 t_ms=9890 run=1 ts=18.000 kp=0.500 ki=0.004 kd=0.000 st=1.800 lt=1.800 rt=1.800 la=0.250 ra=0.000 lse=1.550 rse=1.800 lso=20.793 rso=28.207 lc=26734 rc=26596 cd=138 cde=-138.000 cdo=-0.207 lp=2.500 lpr=2.500 y=15.484 yr=119.091 el=0.250 er=0.000 ed=0.250 dl=0 dr=0 cl=0 cr=0 L=20 R=28 s1=0 s2=0 s3=0 s4=0 s5=0 s6=0 s7=0 s8=0 rx=152 txdrop=0
22502,38,10193.0,1,18.0,1.8,1.8,1.8,0.5,0.004,0.0,-0.9,-1.5,11.438,-57.214,0.25,0.25,0.0,0,1,0,0,0.25,0.25,1.55,1.55,26.249,26.155,27486,27491,-5,5.0,0.0,0.008,26.0,26.0,0.0,0.0,0.0,1,1.5,right_bias,0,0,1,0,0,0,0,0,TRK tick=22502 exp_id=38 t_ms=10193 run=1 ts=18.000 kp=0.500 ki=0.004 kd=0.000 st=1.800 lt=1.800 rt=1.800 la=0.250 ra=0.250 lse=1.550 rse=1.550 lso=26.249 rso=26.155 lc=27486 rc=27491 cd=-5 cde=5.000 cdo=0.008 lp=-0.900 lpr=-1.500 y=11.438 yr=-57.214 el=0.250 er=0.250 ed=0.000 dl=0 dr=1 cl=0 cr=0 L=26 R=26 s1=0 s2=0 s3=1 s4=0 s5=0 s6=0 s7=0 s8=0 rx=152 txdrop=0
22799,38,10490.0,1,18.0,1.8,1.8,1.8,0.5,0.004,0.0,-0.9,-1.5,4.115,-116.447,0.0,0.0,0.0,1,0,0,0,0.0,0.0,1.8,1.8,29.128,28.415,28331,28436,-105,105.0,0.0,0.157,29.0,28.0,0.0,0.0,0.0,0,0.0,line_missing,0,0,0,0,0,0,0,0,TRK tick=22799 exp_id=38 t_ms=10490 run=1 ts=18.000 kp=0.500 ki=0.004 kd=0.000 st=1.800 lt=1.800 rt=1.800 la=0.000 ra=0.000 lse=1.800 rse=1.800 lso=29.128 rso=28.415 lc=28331 rc=28436 cd=-105 cde=105.000 cdo=0.157 lp=-0.900 lpr=-1.500 y=4.115 yr=-116.447 el=0.000 er=0.000 ed=0.000 dl=1 dr=0 cl=0 cr=0 L=29 R=28 s1=0 s2=0 s3=0 s4=0 s5=0 s6=0 s7=0 s8=0 rx=152 txdrop=0
23102,38,10793.0,1,18.0,1.8,1.8,1.8,0.5,0.004,0.0,-0.9,-1.5,-0.129,-55.391,0.25,0.0,0.25,0,0,0,0,0.25,0.0,1.55,1.8,27.577,28.256,29285,29434,-149,149.0,0.0,0.223,27.0,28.0,0.0,0.0,0.0,0,0.0,line_missing,0,0,0,0,0,0,0,0,TRK tick=23102 exp_id=38 t_ms=10793 run=1 ts=18.000 kp=0.500 ki=0.004 kd=0.000 st=1.800 lt=1.800 rt=1.800 la=0.250 ra=0.000 lse=1.550 rse=1.800 lso=27.577 rso=28.256 lc=29285 rc=29434 cd=-149 cde=149.000 cdo=0.223 lp=-0.900 lpr=-1.500 y=-0.129 yr=-55.391 el=0.250 er=0.000 ed=0.250 dl=0 dr=0 cl=0 cr=0 L=27 R=28 s1=0 s2=0 s3=0 s4=0 s5=0 s6=0 s7=0 s8=0 rx=152 txdrop=0
23398,38,11089.0,1,18.0,1.8,1.8,1.8,0.5,0.004,0.0,-0.9,-1.5,-3.51,-55.359,0.0,0.25,-0.25,0,0,0,0,0.0,0.25,1.8,1.55,27.0,21.0,30217,30418,-201,201.0,0.0,0.301,27.0,21.0,0.0,0.0,0.0,0,0.0,line_missing,0,0,0,0,0,0,0,0,TRK tick=23398 exp_id=38 t_ms=11089 run=1 ts=18.000 kp=0.500 ki=0.004 kd=0.000 st=1.800 lt=1.800 rt=1.800 la=0.000 ra=0.250 lse=1.800 rse=1.550 lso=27.000 rso=21.000 lc=30217 rc=30418 cd=-201 cde=201.000 cdo=0.301 lp=-0.900 lpr=-1.500 y=-3.510 yr=-55.359 el=0.000 er=0.250 ed=-0.250 dl=0 dr=0 cl=0 cr=0 L=27 R=21 s1=0 s2=0 s3=0 s4=0 s5=0 s6=0 s7=0 s8=0 rx=152 txdrop=0
23702,38,11393.0,1,18.0,1.8,1.8,1.8,0.5,0.004,0.0,-0.9,-1.5,0.06,53.305,0.0,0.0,0.0,0,0,0,0,0.0,0.0,1.8,1.8,29.487,28.203,31074,31186,-112,112.0,0.0,0.168,29.0,28.0,0.0,0.0,0.0,0,0.0,line_missing,0,0,0,0,0,0,0,0,TRK tick=23702 exp_id=38 t_ms=11393 run=1 ts=18.000 kp=0.500 ki=0.004 kd=0.000 st=1.800 lt=1.800 rt=1.800 la=0.000 ra=0.000 lse=1.800 rse=1.800 lso=29.487 rso=28.203 lc=31074 rc=31186 cd=-112 cde=112.000 cdo=0.168 lp=-0.900 lpr=-1.500 y=0.060 yr=53.305 el=0.000 er=0.000 ed=0.000 dl=0 dr=0 cl=0 cr=0 L=29 R=28 s1=0 s2=0 s3=0 s4=0 s5=0 s6=0 s7=0 s8=0 rx=152 txdrop=0
23998,38,11689.0,1,18.0,1.8,1.8,1.8,0.5,0.004,0.0,-0.9,-1.5,8.0,116.761,0.25,0.0,0.25,0,0,0,0,0.25,0.0,1.55,1.8,22.0,28.0,32038,31976,62,-62.0,0.0,-0.093,22.0,28.0,0.0,0.0,0.0,0,0.0,line_missing,0,0,0,0,0,0,0,0,TRK tick=23998 exp_id=38 t_ms=11689 run=1 ts=18.000 kp=0.500 ki=0.004 kd=0.000 st=1.800 lt=1.800 rt=1.800 la=0.250 ra=0.000 lse=1.550 rse=1.800 lso=22.000 rso=28.000 lc=32038 rc=31976 cd=62 cde=-62.000 cdo=-0.093 lp=-0.900 lpr=-1.500 y=8.000 yr=116.761 el=0.250 er=0.000 ed=0.250 dl=0 dr=0 cl=0 cr=0 L=22 R=28 s1=0 s2=0 s3=0 s4=0 s5=0 s6=0 s7=0 s8=0 rx=152 txdrop=0
24301,38,11992.0,1,18.0,1.8,1.8,1.8,0.5,0.004,0.0,-0.9,-1.5,21.997,141.221,0.0,0.25,-0.25,0,0,0,0,0.0,0.25,1.8,1.55,28.955,28.166,32838,32700,138,-138.0,0.0,-0.207,28.0,28.0,0.0,0.0,0.0,0,0.0,line_missing,0,0,0,0,0,0,0,0,TRK tick=24301 exp_id=38 t_ms=11992 run=1 ts=18.000 kp=0.500 ki=0.004 kd=0.000 st=1.800 lt=1.800 rt=1.800 la=0.000 ra=0.250 lse=1.800 rse=1.550 lso=28.955 rso=28.166 lc=32838 rc=32700 cd=138 cde=-138.000 cdo=-0.207 lp=-0.900 lpr=-1.500 y=21.997 yr=141.221 el=0.000 er=0.250 ed=-0.250 dl=0 dr=0 cl=0 cr=0 L=28 R=28 s1=0 s2=0 s3=0 s4=0 s5=0 s6=0 s7=0 s8=0 rx=152 txdrop=0
24598,38,12289.0,1,18.0,1.8,1.8,1.8,0.5,0.004,0.0,-0.9,-1.5,37.266,139.313,0.25,0.0,0.25,0,0,0,0,0.25,0.0,1.55,1.8,14.0,28.681,33651,33336,315,-315.0,0.0,-0.472,14.0,28.0,0.0,0.0,0.0,0,0.0,line_missing,0,0,0,0,0,0,0,0,TRK tick=24598 exp_id=38 t_ms=12289 run=1 ts=18.000 kp=0.500 ki=0.004 kd=0.000 st=1.800 lt=1.800 rt=1.800 la=0.250 ra=0.000 lse=1.550 rse=1.800 lso=14.000 rso=28.681 lc=33651 rc=33336 cd=315 cde=-315.000 cdo=-0.472 lp=-0.900 lpr=-1.500 y=37.266 yr=139.313 el=0.250 er=0.000 ed=0.250 dl=0 dr=0 cl=0 cr=0 L=14 R=28 s1=0 s2=0 s3=0 s4=0 s5=0 s6=0 s7=0 s8=0 rx=152 txdrop=0
24901,38,12592.0,1,18.0,1.8,1.8,1.8,0.5,0.004,0.0,-0.9,-1.5,87.854,171.298,0.0,0.0,0.0,0,0,0,0,0.0,0.0,1.8,1.8,29.147,29.69,34028,33916,112,-112.0,0.0,-0.168,29.0,29.0,0.0,0.0,0.0,0,0.0,line_missing,0,0,0,0,0,0,0,0,TRK tick=24901 exp_id=38 t_ms=12592 run=1 ts=18.000 kp=0.500 ki=0.004 kd=0.000 st=1.800 lt=1.800 rt=1.800 la=0.000 ra=0.000 lse=1.800 rse=1.800 lso=29.147 rso=29.690 lc=34028 rc=33916 cd=112 cde=-112.000 cdo=-0.168 lp=-0.900 lpr=-1.500 y=87.854 yr=171.298 el=0.000 er=0.000 ed=0.000 dl=0 dr=0 cl=0 cr=0 L=29 R=29 s1=0 s2=0 s3=0 s4=0 s5=0 s6=0 s7=0 s8=0 rx=152 txdrop=0
25215,38,12906.0,1,18.0,1.8,1.8,1.8,0.5,0.004,0.0,-0.299,-0.5,86.341,-134.754,0.0,0.25,-0.25,0,0,0,0,0.0,0.25,1.8,1.55,10.436,17.564,34707,34519,188,-188.0,0.0,-0.282,10.0,17.0,0.0,0.0,0.0,6,0.5,left_bias,1,1,1,0,1,1,1,0,TRK tick=25215 exp_id=38 t_ms=12906 run=1 ts=18.000 kp=0.500 ki=0.004 kd=0.000 st=1.800 lt=1.800 rt=1.800 la=0.000 ra=0.250 lse=1.800 rse=1.550 lso=10.436 rso=17.564 lc=34707 rc=34519 cd=188 cde=-188.000 cdo=-0.282 lp=-0.299 lpr=-0.500 y=86.341 yr=-134.754 el=0.000 er=0.250 ed=-0.250 dl=0 dr=0 cl=0 cr=0 L=10 R=17 s1=1 s2=1 s3=1 s4=0 s5=1 s6=1 s7=1 s8=0 rx=152 txdrop=0
25519,38,13210.0,1,18.0,1.8,1.8,1.8,0.5,0.004,0.0,0.162,0.5,45.594,-166.836,0.0,0.0,0.0,0,0,0,0,0.0,0.0,1.8,1.8,29.305,28.641,34994,35073,-79,79.0,0.0,0.119,29.0,28.0,0.0,0.0,0.0,0,0.0,line_missing,0,0,0,0,0,0,0,0,TRK tick=25519 exp_id=38 t_ms=13210 run=1 ts=18.000 kp=0.500 ki=0.004 kd=0.000 st=1.800 lt=1.800 rt=1.800 la=0.000 ra=0.000 lse=1.800 rse=1.800 lso=29.305 rso=28.641 lc=34994 rc=35073 cd=-79 cde=79.000 cdo=0.119 lp=0.162 lpr=0.500 y=45.594 yr=-166.836 el=0.000 er=0.000 ed=0.000 dl=0 dr=0 cl=0 cr=0 L=29 R=28 s1=0 s2=0 s3=0 s4=0 s5=0 s6=0 s7=0 s8=0 rx=152 txdrop=0
25821,38,13512.0,1,18.0,1.8,1.8,1.8,0.5,0.004,0.0,0.162,0.5,6.376,72.891,0.0,0.25,-0.25,0,0,0,0,0.0,0.25,1.8,1.55,29.82,26.512,35834,35887,-53,53.0,0.0,0.079,29.0,26.0,0.0,0.0,0.0,0,0.0,line_missing,0,0,0,0,0,0,0,0,TRK tick=25821 exp_id=38 t_ms=13512 run=1 ts=18.000 kp=0.500 ki=0.004 kd=0.000 st=1.800 lt=1.800 rt=1.800 la=0.000 ra=0.250 lse=1.800 rse=1.550 lso=29.820 rso=26.512 lc=35834 rc=35887 cd=-53 cde=53.000 cdo=0.079 lp=0.162 lpr=0.500 y=6.376 yr=72.891 el=0.000 er=0.250 ed=-0.250 dl=0 dr=0 cl=0 cr=0 L=29 R=26 s1=0 s2=0 s3=0 s4=0 s5=0 s6=0 s7=0 s8=0 rx=152 txdrop=0
26117,38,13808.0,1,18.0,1.8,1.8,1.8,0.5,0.004,0.0,1.62,2.5,15.778,126.015,0.25,0.25,0.0,0,0,0,0,0.25,0.25,1.55,1.55,27.226,27.88,36896,36667,229,-229.0,0.0,-0.343,27.0,27.0,0.0,0.0,0.0,0,0.0,line_missing,0,0,0,0,0,0,0,0,TRK tick=26117 exp_id=38 t_ms=13808 run=1 ts=18.000 kp=0.500 ki=0.004 kd=0.000 st=1.800 lt=1.800 rt=1.800 la=0.250 ra=0.250 lse=1.550 rse=1.550 lso=27.226 rso=27.880 lc=36896 rc=36667 cd=229 cde=-229.000 cdo=-0.343 lp=1.620 lpr=2.500 y=15.778 yr=126.015 el=0.250 er=0.250 ed=0.000 dl=0 dr=0 cl=0 cr=0 L=27 R=27 s1=0 s2=0 s3=0 s4=0 s5=0 s6=0 s7=0 s8=0 rx=152 txdrop=0
26420,38,14111.0,1,18.0,1.8,1.8,1.8,0.5,0.004,0.0,1.62,2.5,35.487,157.665,0.25,0.0,0.25,0,0,0,0,0.25,0.0,1.55,1.8,17.272,31.087,37954,37570,384,-384.0,0.0,-0.576,17.0,31.0,0.0,0.0,0.0,0,0.0,line_missing,0,0,0,0,0,0,0,0,TRK tick=26420 exp_id=38 t_ms=14111 run=1 ts=18.000 kp=0.500 ki=0.004 kd=0.000 st=1.800 lt=1.800 rt=1.800 la=0.250 ra=0.000 lse=1.550 rse=1.800 lso=17.272 rso=31.087 lc=37954 rc=37570 cd=384 cde=-384.000 cdo=-0.576 lp=1.620 lpr=2.500 y=35.487 yr=157.665 el=0.250 er=0.000 ed=0.250 dl=0 dr=0 cl=0 cr=0 L=17 R=31 s1=0 s2=0 s3=0 s4=0 s5=0 s6=0 s7=0 s8=0 rx=152 txdrop=0
26733,38,14424.0,1,18.0,1.8,1.8,1.8,0.5,0.004,0.0,1.62,2.5,21.213,-126.374,0.0,0.25,-0.25,0,0,0,0,0.0,0.25,1.8,1.55,11.009,23.991,38672,38675,-3,3.0,0.0,0.004,11.0,23.0,0.0,0.0,0.0,0,0.0,line_missing,0,0,0,0,0,0,0,0,TRK tick=26733 exp_id=38 t_ms=14424 run=1 ts=18.000 kp=0.500 ki=0.004 kd=0.000 st=1.800 lt=1.800 rt=1.800 la=0.000 ra=0.250 lse=1.800 rse=1.550 lso=11.009 rso=23.991 lc=38672 rc=38675 cd=-3 cde=3.000 cdo=0.004 lp=1.620 lpr=2.500 y=21.213 yr=-126.374 el=0.000 er=0.250 ed=-0.250 dl=0 dr=0 cl=0 cr=0 L=11 R=23 s1=0 s2=0 s3=0 s4=0 s5=0 s6=0 s7=0 s8=0 rx=152 txdrop=0
27037,38,14728.0,1,18.0,1.8,1.8,1.8,0.5,0.004,0.0,1.62,2.5,5.603,-156.199,0.0,0.25,-0.25,0,0,0,0,0.0,0.25,1.8,1.55,30.064,25.606,39006,39572,-566,566.0,0.0,0.849,30.0,25.0,0.0,0.0,0.0,0,0.0,line_missing,0,0,0,0,0,0,0,0,TRK tick=27037 exp_id=38 t_ms=14728 run=1 ts=18.000 kp=0.500 ki=0.004 kd=0.000 st=1.800 lt=1.800 rt=1.800 la=0.000 ra=0.250 lse=1.800 rse=1.550 lso=30.064 rso=25.606 lc=39006 rc=39572 cd=-566 cde=566.000 cdo=0.849 lp=1.620 lpr=2.500 y=5.603 yr=-156.199 el=0.000 er=0.250 ed=-0.250 dl=0 dr=0 cl=0 cr=0 L=30 R=25 s1=0 s2=0 s3=0 s4=0 s5=0 s6=0 s7=0 s8=0 rx=152 txdrop=0
27235,38,0.0,0,18.0,0.0,0.0,0.0,0.5,0.004,0.0,1.62,2.5,5.603,-156.199,0.0,0.0,0.0,0,0,0,0,0.0,0.0,0.0,0.0,0.0,0.0,39006,39572,-566,0.0,0.0,0.0,0.0,0.0,0.0,0.0,0.0,0,0.0,line_missing,0,0,0,0,0,0,0,0,TRK tick=27235 exp_id=38 t_ms=0 run=0 ts=18.000 kp=0.500 ki=0.004 kd=0.000 st=0.000 lt=0.000 rt=0.000 la=0.000 ra=0.000 lse=0.000 rse=0.000 lso=0.000 rso=0.000 lc=39006 rc=39572 cd=-566 cde=0.000 cdo=0.000 lp=1.620 lpr=2.500 y=5.603 yr=-156.199 el=0.000 er=0.000 ed=0.000 dl=0 dr=0 cl=0 cr=0 L=0 R=0 s1=0 s2=0 s3=0 s4=0 s5=0 s6=0 s7=0 s8=0 rx=152 txdrop=0
27433,38,0.0,0,18.0,0.0,0.0,0.0,0.5,0.004,0.0,1.62,2.5,5.603,-156.199,0.0,0.0,0.0,0,0,0,0,0.0,0.0,0.0,0.0,0.0,0.0,39006,39572,-566,0.0,0.0,0.0,0.0,0.0,0.0,0.0,0.0,0,0.0,line_missing,0,0,0,0,0,0,0,0,TRK tick=27433 exp_id=38 t_ms=0 run=0 ts=18.000 kp=0.500 ki=0.004 kd=0.000 st=0.000 lt=0.000 rt=0.000 la=0.000 ra=0.000 lse=0.000 rse=0.000 lso=0.000 rso=0.000 lc=39006 rc=39572 cd=-566 cde=0.000 cdo=0.000 lp=1.620 lpr=2.500 y=5.603 yr=-156.199 el=0.000 er=0.000 ed=0.000 dl=0 dr=0 cl=0 cr=0 L=0 R=0 s1=0 s2=0 s3=0 s4=0 s5=0 s6=0 s7=0 s8=0 rx=152 txdrop=0
27631,38,0.0,0,18.0,0.0,0.0,0.0,0.5,0.004,0.0,1.62,2.5,5.603,-156.199,0.0,0.0,0.0,0,0,0,0,0.0,0.0,0.0,0.0,0.0,0.0,39006,39572,-566,0.0,0.0,0.0,0.0,0.0,0.0,0.0,0.0,0,0.0,line_missing,0,0,0,0,0,0,0,0,TRK tick=27631 exp_id=38 t_ms=0 run=0 ts=18.000 kp=0.500 ki=0.004 kd=0.000 st=0.000 lt=0.000 rt=0.000 la=0.000 ra=0.000 lse=0.000 rse=0.000 lso=0.000 rso=0.000 lc=39006 rc=39572 cd=-566 cde=0.000 cdo=0.000 lp=1.620 lpr=2.500 y=5.603 yr=-156.199 el=0.000 er=0.000 ed=0.000 dl=0 dr=0 cl=0 cr=0 L=0 R=0 s1=0 s2=0 s3=0 s4=0 s5=0 s6=0 s7=0 s8=0 rx=152 txdrop=0
27829,38,0.0,0,18.0,0.0,0.0,0.0,0.5,0.004,0.0,1.62,2.5,5.603,-156.199,0.0,0.0,0.0,0,0,0,0,0.0,0.0,0.0,0.0,0.0,0.0,39006,39572,-566,0.0,0.0,0.0,0.0,0.0,0.0,0.0,0.0,0,0.0,line_missing,0,0,0,0,0,0,0,0,TRK tick=27829 exp_id=38 t_ms=0 run=0 ts=18.000 kp=0.500 ki=0.004 kd=0.000 st=0.000 lt=0.000 rt=0.000 la=0.000 ra=0.000 lse=0.000 rse=0.000 lso=0.000 rso=0.000 lc=39006 rc=39572 cd=-566 cde=0.000 cdo=0.000 lp=1.620 lpr=2.500 y=5.603 yr=-156.199 el=0.000 er=0.000 ed=0.000 dl=0 dr=0 cl=0 cr=0 L=0 R=0 s1=0 s2=0 s3=0 s4=0 s5=0 s6=0 s7=0 s8=0 rx=152 txdrop=0
28027,38,0.0,0,18.0,0.0,0.0,0.0,0.5,0.004,0.0,1.62,2.5,5.603,-156.199,0.0,0.0,0.0,0,0,0,0,0.0,0.0,0.0,0.0,0.0,0.0,39006,39572,-566,0.0,0.0,0.0,0.0,0.0,0.0,0.0,0.0,0,0.0,line_missing,0,0,0,0,0,0,0,0,TRK tick=28027 exp_id=38 t_ms=0 run=0 ts=18.000 kp=0.500 ki=0.004 kd=0.000 st=0.000 lt=0.000 rt=0.000 la=0.000 ra=0.000 lse=0.000 rse=0.000 lso=0.000 rso=0.000 lc=39006 rc=39572 cd=-566 cde=0.000 cdo=0.000 lp=1.620 lpr=2.500 y=5.603 yr=-156.199 el=0.000 er=0.000 ed=0.000 dl=0 dr=0 cl=0 cr=0 L=0 R=0 s1=0 s2=0 s3=0 s4=0 s5=0 s6=0 s7=0 s8=0 rx=152 txdrop=0
28225,38,0.0,0,18.0,0.0,0.0,0.0,0.5,0.004,0.0,1.62,2.5,5.603,-156.199,0.0,0.0,0.0,0,0,0,0,0.0,0.0,0.0,0.0,0.0,0.0,39006,39572,-566,0.0,0.0,0.0,0.0,0.0,0.0,0.0,0.0,0,0.0,line_missing,0,0,0,0,0,0,0,0,TRK tick=28225 exp_id=38 t_ms=0 run=0 ts=18.000 kp=0.500 ki=0.004 kd=0.000 st=0.000 lt=0.000 rt=0.000 la=0.000 ra=0.000 lse=0.000 rse=0.000 lso=0.000 rso=0.000 lc=39006 rc=39572 cd=-566 cde=0.000 cdo=0.000 lp=1.620 lpr=2.500 y=5.603 yr=-156.199 el=0.000 er=0.000 ed=0.000 dl=0 dr=0 cl=0 cr=0 L=0 R=0 s1=0 s2=0 s3=0 s4=0 s5=0 s6=0 s7=0 s8=0 rx=152 txdrop=0
28422,38,0.0,0,18.0,0.0,0.0,0.0,0.5,0.004,0.0,1.62,2.5,5.603,-156.199,0.0,0.0,0.0,0,0,0,0,0.0,0.0,0.0,0.0,0.0,0.0,39006,39572,-566,0.0,0.0,0.0,0.0,0.0,0.0,0.0,0.0,0,0.0,line_missing,0,0,0,0,0,0,0,0,TRK tick=28422 exp_id=38 t_ms=0 run=0 ts=18.000 kp=0.500 ki=0.004 kd=0.000 st=0.000 lt=0.000 rt=0.000 la=0.000 ra=0.000 lse=0.000 rse=0.000 lso=0.000 rso=0.000 lc=39006 rc=39572 cd=-566 cde=0.000 cdo=0.000 lp=1.620 lpr=2.500 y=5.603 yr=-156.199 el=0.000 er=0.000 ed=0.000 dl=0 dr=0 cl=0 cr=0 L=0 R=0 s1=0 s2=0 s3=0 s4=0 s5=0 s6=0 s7=0 s8=0 rx=152 txdrop=0
28620,38,0.0,0,18.0,0.0,0.0,0.0,0.5,0.004,0.0,1.62,2.5,5.603,-156.199,0.0,0.0,0.0,0,0,0,0,0.0,0.0,0.0,0.0,0.0,0.0,39006,39572,-566,0.0,0.0,0.0,0.0,0.0,0.0,0.0,0.0,0,0.0,line_missing,0,0,0,0,0,0,0,0,TRK tick=28620 exp_id=38 t_ms=0 run=0 ts=18.000 kp=0.500 ki=0.004 kd=0.000 st=0.000 lt=0.000 rt=0.000 la=0.000 ra=0.000 lse=0.000 rse=0.000 lso=0.000 rso=0.000 lc=39006 rc=39572 cd=-566 cde=0.000 cdo=0.000 lp=1.620 lpr=2.500 y=5.603 yr=-156.199 el=0.000 er=0.000 ed=0.000 dl=0 dr=0 cl=0 cr=0 L=0 R=0 s1=0 s2=0 s3=0 s4=0 s5=0 s6=0 s7=0 s8=0 rx=152 txdrop=0
28818,38,0.0,0,18.0,0.0,0.0,0.0,0.5,0.004,0.0,1.62,2.5,5.603,-156.199,0.0,0.0,0.0,0,0,0,0,0.0,0.0,0.0,0.0,0.0,0.0,39006,39572,-566,0.0,0.0,0.0,0.0,0.0,0.0,0.0,0.0,0,0.0,line_missing,0,0,0,0,0,0,0,0,TRK tick=28818 exp_id=38 t_ms=0 run=0 ts=18.000 kp=0.500 ki=0.004 kd=0.000 st=0.000 lt=0.000 rt=0.000 la=0.000 ra=0.000 lse=0.000 rse=0.000 lso=0.000 rso=0.000 lc=39006 rc=39572 cd=-566 cde=0.000 cdo=0.000 lp=1.620 lpr=2.500 y=5.603 yr=-156.199 el=0.000 er=0.000 ed=0.000 dl=0 dr=0 cl=0 cr=0 L=0 R=0 s1=0 s2=0 s3=0 s4=0 s5=0 s6=0 s7=0 s8=0 rx=152 txdrop=0
29016,38,0.0,0,18.0,0.0,0.0,0.0,0.5,0.004,0.0,1.62,2.5,5.603,-156.199,0.0,0.0,0.0,0,0,0,0,0.0,0.0,0.0,0.0,0.0,0.0,39006,39572,-566,0.0,0.0,0.0,0.0,0.0,0.0,0.0,0.0,0,0.0,line_missing,0,0,0,0,0,0,0,0,TRK tick=29016 exp_id=38 t_ms=0 run=0 ts=18.000 kp=0.500 ki=0.004 kd=0.000 st=0.000 lt=0.000 rt=0.000 la=0.000 ra=0.000 lse=0.000 rse=0.000 lso=0.000 rso=0.000 lc=39006 rc=39572 cd=-566 cde=0.000 cdo=0.000 lp=1.620 lpr=2.500 y=5.603 yr=-156.199 el=0.000 er=0.000 ed=0.000 dl=0 dr=0 cl=0 cr=0 L=0 R=0 s1=0 s2=0 s3=0 s4=0 s5=0 s6=0 s7=0 s8=0 rx=152 txdrop=0
29214,38,0.0,0,18.0,0.0,0.0,0.0,0.5,0.004,0.0,1.62,2.5,5.603,-156.199,0.0,0.0,0.0,0,0,0,0,0.0,0.0,0.0,0.0,0.0,0.0,39006,39572,-566,0.0,0.0,0.0,0.0,0.0,0.0,0.0,0.0,0,0.0,line_missing,0,0,0,0,0,0,0,0,TRK tick=29214 exp_id=38 t_ms=0 run=0 ts=18.000 kp=0.500 ki=0.004 kd=0.000 st=0.000 lt=0.000 rt=0.000 la=0.000 ra=0.000 lse=0.000 rse=0.000 lso=0.000 rso=0.000 lc=39006 rc=39572 cd=-566 cde=0.000 cdo=0.000 lp=1.620 lpr=2.500 y=5.603 yr=-156.199 el=0.000 er=0.000 ed=0.000 dl=0 dr=0 cl=0 cr=0 L=0 R=0 s1=0 s2=0 s3=0 s4=0 s5=0 s6=0 s7=0 s8=0 rx=152 txdrop=0
29412,38,0.0,0,18.0,0.0,0.0,0.0,0.5,0.004,0.0,1.62,2.5,5.603,-156.199,0.0,0.0,0.0,0,0,0,0,0.0,0.0,0.0,0.0,0.0,0.0,39006,39572,-566,0.0,0.0,0.0,0.0,0.0,0.0,0.0,0.0,0,0.0,line_missing,0,0,0,0,0,0,0,0,TRK tick=29412 exp_id=38 t_ms=0 run=0 ts=18.000 kp=0.500 ki=0.004 kd=0.000 st=0.000 lt=0.000 rt=0.000 la=0.000 ra=0.000 lse=0.000 rse=0.000 lso=0.000 rso=0.000 lc=39006 rc=39572 cd=-566 cde=0.000 cdo=0.000 lp=1.620 lpr=2.500 y=5.603 yr=-156.199 el=0.000 er=0.000 ed=0.000 dl=0 dr=0 cl=0 cr=0 L=0 R=0 s1=0 s2=0 s3=0 s4=0 s5=0 s6=0 s7=0 s8=0 rx=152 txdrop=0
29609,38,0.0,0,18.0,0.0,0.0,0.0,0.5,0.004,0.0,1.62,2.5,5.603,-156.199,0.0,0.0,0.0,0,0,0,0,0.0,0.0,0.0,0.0,0.0,0.0,39006,39572,-566,0.0,0.0,0.0,0.0,0.0,0.0,0.0,0.0,0,0.0,line_missing,0,0,0,0,0,0,0,0,TRK tick=29609 exp_id=38 t_ms=0 run=0 ts=18.000 kp=0.500 ki=0.004 kd=0.000 st=0.000 lt=0.000 rt=0.000 la=0.000 ra=0.000 lse=0.000 rse=0.000 lso=0.000 rso=0.000 lc=39006 rc=39572 cd=-566 cde=0.000 cdo=0.000 lp=1.620 lpr=2.500 y=5.603 yr=-156.199 el=0.000 er=0.000 ed=0.000 dl=0 dr=0 cl=0 cr=0 L=0 R=0 s1=0 s2=0 s3=0 s4=0 s5=0 s6=0 s7=0 s8=0 rx=152 txdrop=0
29807,38,0.0,0,18.0,0.0,0.0,0.0,0.5,0.004,0.0,1.62,2.5,5.603,-156.199,0.0,0.0,0.0,0,0,0,0,0.0,0.0,0.0,0.0,0.0,0.0,39006,39572,-566,0.0,0.0,0.0,0.0,0.0,0.0,0.0,0.0,0,0.0,line_missing,0,0,0,0,0,0,0,0,TRK tick=29807 exp_id=38 t_ms=0 run=0 ts=18.000 kp=0.500 ki=0.004 kd=0.000 st=0.000 lt=0.000 rt=0.000 la=0.000 ra=0.000 lse=0.000 rse=0.000 lso=0.000 rso=0.000 lc=39006 rc=39572 cd=-566 cde=0.000 cdo=0.000 lp=1.620 lpr=2.500 y=5.603 yr=-156.199 el=0.000 er=0.000 ed=0.000 dl=0 dr=0 cl=0 cr=0 L=0 R=0 s1=0 s2=0 s3=0 s4=0 s5=0 s6=0 s7=0 s8=0 rx=152 txdrop=0
30005,38,0.0,0,18.0,0.0,0.0,0.0,0.5,0.004,0.0,1.62,2.5,5.603,-156.199,0.0,0.0,0.0,0,0,0,0,0.0,0.0,0.0,0.0,0.0,0.0,39006,39572,-566,0.0,0.0,0.0,0.0,0.0,0.0,0.0,0.0,0,0.0,line_missing,0,0,0,0,0,0,0,0,TRK tick=30005 exp_id=38 t_ms=0 run=0 ts=18.000 kp=0.500 ki=0.004 kd=0.000 st=0.000 lt=0.000 rt=0.000 la=0.000 ra=0.000 lse=0.000 rse=0.000 lso=0.000 rso=0.000 lc=39006 rc=39572 cd=-566 cde=0.000 cdo=0.000 lp=1.620 lpr=2.500 y=5.603 yr=-156.199 el=0.000 er=0.000 ed=0.000 dl=0 dr=0 cl=0 cr=0 L=0 R=0 s1=0 s2=0 s3=0 s4=0 s5=0 s6=0 s7=0 s8=0 rx=152 txdrop=0
30203,38,0.0,0,18.0,0.0,0.0,0.0,0.5,0.004,0.0,1.62,2.5,5.603,-156.199,0.0,0.0,0.0,0,0,0,0,0.0,0.0,0.0,0.0,0.0,0.0,39006,39572,-566,0.0,0.0,0.0,0.0,0.0,0.0,0.0,0.0,0,0.0,line_missing,0,0,0,0,0,0,0,0,TRK tick=30203 exp_id=38 t_ms=0 run=0 ts=18.000 kp=0.500 ki=0.004 kd=0.000 st=0.000 lt=0.000 rt=0.000 la=0.000 ra=0.000 lse=0.000 rse=0.000 lso=0.000 rso=0.000 lc=39006 rc=39572 cd=-566 cde=0.000 cdo=0.000 lp=1.620 lpr=2.500 y=5.603 yr=-156.199 el=0.000 er=0.000 ed=0.000 dl=0 dr=0 cl=0 cr=0 L=0 R=0 s1=0 s2=0 s3=0 s4=0 s5=0 s6=0 s7=0 s8=0 rx=152 txdrop=0
30401,38,0.0,0,18.0,0.0,0.0,0.0,0.5,0.004,0.0,1.62,2.5,5.603,-156.199,0.0,0.0,0.0,0,0,0,0,0.0,0.0,0.0,0.0,0.0,0.0,39006,39572,-566,0.0,0.0,0.0,0.0,0.0,0.0,0.0,0.0,0,0.0,line_missing,0,0,0,0,0,0,0,0,TRK tick=30401 exp_id=38 t_ms=0 run=0 ts=18.000 kp=0.500 ki=0.004 kd=0.000 st=0.000 lt=0.000 rt=0.000 la=0.000 ra=0.000 lse=0.000 rse=0.000 lso=0.000 rso=0.000 lc=39006 rc=39572 cd=-566 cde=0.000 cdo=0.000 lp=1.620 lpr=2.500 y=5.603 yr=-156.199 el=0.000 er=0.000 ed=0.000 dl=0 dr=0 cl=0 cr=0 L=0 R=0 s1=0 s2=0 s3=0 s4=0 s5=0 s6=0 s7=0 s8=0 rx=152 txdrop=0
30599,38,0.0,0,18.0,0.0,0.0,0.0,0.5,0.004,0.0,1.62,2.5,5.603,-156.199,0.0,0.0,0.0,0,0,0,0,0.0,0.0,0.0,0.0,0.0,0.0,39006,39572,-566,0.0,0.0,0.0,0.0,0.0,0.0,0.0,0.0,0,0.0,line_missing,0,0,0,0,0,0,0,0,TRK tick=30599 exp_id=38 t_ms=0 run=0 ts=18.000 kp=0.500 ki=0.004 kd=0.000 st=0.000 lt=0.000 rt=0.000 la=0.000 ra=0.000 lse=0.000 rse=0.000 lso=0.000 rso=0.000 lc=39006 rc=39572 cd=-566 cde=0.000 cdo=0.000 lp=1.620 lpr=2.500 y=5.603 yr=-156.199 el=0.000 er=0.000 ed=0.000 dl=0 dr=0 cl=0 cr=0 L=0 R=0 s1=0 s2=0 s3=0 s4=0 s5=0 s6=0 s7=0 s8=0 rx=152 txdrop=0
30796,38,0.0,0,18.0,0.0,0.0,0.0,0.5,0.004,0.0,1.62,2.5,5.603,-156.199,0.0,0.0,0.0,0,0,0,0,0.0,0.0,0.0,0.0,0.0,0.0,39006,39572,-566,0.0,0.0,0.0,0.0,0.0,0.0,0.0,0.0,0,0.0,line_missing,0,0,0,0,0,0,0,0,TRK tick=30796 exp_id=38 t_ms=0 run=0 ts=18.000 kp=0.500 ki=0.004 kd=0.000 st=0.000 lt=0.000 rt=0.000 la=0.000 ra=0.000 lse=0.000 rse=0.000 lso=0.000 rso=0.000 lc=39006 rc=39572 cd=-566 cde=0.000 cdo=0.000 lp=1.620 lpr=2.500 y=5.603 yr=-156.199 el=0.000 er=0.000 ed=0.000 dl=0 dr=0 cl=0 cr=0 L=0 R=0 s1=0 s2=0 s3=0 s4=0 s5=0 s6=0 s7=0 s8=0 rx=152 txdrop=0
30994,38,0.0,0,18.0,0.0,0.0,0.0,0.5,0.004,0.0,1.62,2.5,5.603,-156.199,0.0,0.0,0.0,0,0,0,0,0.0,0.0,0.0,0.0,0.0,0.0,39006,39572,-566,0.0,0.0,0.0,0.0,0.0,0.0,0.0,0.0,0,0.0,line_missing,0,0,0,0,0,0,0,0,TRK tick=30994 exp_id=38 t_ms=0 run=0 ts=18.000 kp=0.500 ki=0.004 kd=0.000 st=0.000 lt=0.000 rt=0.000 la=0.000 ra=0.000 lse=0.000 rse=0.000 lso=0.000 rso=0.000 lc=39006 rc=39572 cd=-566 cde=0.000 cdo=0.000 lp=1.620 lpr=2.500 y=5.603 yr=-156.199 el=0.000 er=0.000 ed=0.000 dl=0 dr=0 cl=0 cr=0 L=0 R=0 s1=0 s2=0 s3=0 s4=0 s5=0 s6=0 s7=0 s8=0 rx=152 txdrop=0
31192,38,0.0,0,18.0,0.0,0.0,0.0,0.5,0.004,0.0,1.62,2.5,5.603,-156.199,0.0,0.0,0.0,0,0,0,0,0.0,0.0,0.0,0.0,0.0,0.0,39006,39572,-566,0.0,0.0,0.0,0.0,0.0,0.0,0.0,0.0,0,0.0,line_missing,0,0,0,0,0,0,0,0,TRK tick=31192 exp_id=38 t_ms=0 run=0 ts=18.000 kp=0.500 ki=0.004 kd=0.000 st=0.000 lt=0.000 rt=0.000 la=0.000 ra=0.000 lse=0.000 rse=0.000 lso=0.000 rso=0.000 lc=39006 rc=39572 cd=-566 cde=0.000 cdo=0.000 lp=1.620 lpr=2.500 y=5.603 yr=-156.199 el=0.000 er=0.000 ed=0.000 dl=0 dr=0 cl=0 cr=0 L=0 R=0 s1=0 s2=0 s3=0 s4=0 s5=0 s6=0 s7=0 s8=0 rx=152 txdrop=0
31390,38,0.0,0,18.0,0.0,0.0,0.0,0.5,0.004,0.0,1.62,2.5,5.603,-156.199,0.0,0.0,0.0,0,0,0,0,0.0,0.0,0.0,0.0,0.0,0.0,39006,39572,-566,0.0,0.0,0.0,0.0,0.0,0.0,0.0,0.0,0,0.0,line_missing,0,0,0,0,0,0,0,0,TRK tick=31390 exp_id=38 t_ms=0 run=0 ts=18.000 kp=0.500 ki=0.004 kd=0.000 st=0.000 lt=0.000 rt=0.000 la=0.000 ra=0.000 lse=0.000 rse=0.000 lso=0.000 rso=0.000 lc=39006 rc=39572 cd=-566 cde=0.000 cdo=0.000 lp=1.620 lpr=2.500 y=5.603 yr=-156.199 el=0.000 er=0.000 ed=0.000 dl=0 dr=0 cl=0 cr=0 L=0 R=0 s1=0 s2=0 s3=0 s4=0 s5=0 s6=0 s7=0 s8=0 rx=152 txdrop=0
31588,38,0.0,0,18.0,0.0,0.0,0.0,0.5,0.004,0.0,1.62,2.5,5.603,-156.199,0.0,0.0,0.0,0,0,0,0,0.0,0.0,0.0,0.0,0.0,0.0,39006,39572,-566,0.0,0.0,0.0,0.0,0.0,0.0,0.0,0.0,0,0.0,line_missing,0,0,0,0,0,0,0,0,TRK tick=31588 exp_id=38 t_ms=0 run=0 ts=18.000 kp=0.500 ki=0.004 kd=0.000 st=0.000 lt=0.000 rt=0.000 la=0.000 ra=0.000 lse=0.000 rse=0.000 lso=0.000 rso=0.000 lc=39006 rc=39572 cd=-566 cde=0.000 cdo=0.000 lp=1.620 lpr=2.500 y=5.603 yr=-156.199 el=0.000 er=0.000 ed=0.000 dl=0 dr=0 cl=0 cr=0 L=0 R=0 s1=0 s2=0 s3=0 s4=0 s5=0 s6=0 s7=0 s8=0 rx=152 txdrop=0
31786,38,0.0,0,18.0,0.0,0.0,0.0,0.5,0.004,0.0,1.62,2.5,5.603,-156.199,0.0,0.0,0.0,0,0,0,0,0.0,0.0,0.0,0.0,0.0,0.0,39006,39572,-566,0.0,0.0,0.0,0.0,0.0,0.0,0.0,0.0,0,0.0,line_missing,0,0,0,0,0,0,0,0,TRK tick=31786 exp_id=38 t_ms=0 run=0 ts=18.000 kp=0.500 ki=0.004 kd=0.000 st=0.000 lt=0.000 rt=0.000 la=0.000 ra=0.000 lse=0.000 rse=0.000 lso=0.000 rso=0.000 lc=39006 rc=39572 cd=-566 cde=0.000 cdo=0.000 lp=1.620 lpr=2.500 y=5.603 yr=-156.199 el=0.000 er=0.000 ed=0.000 dl=0 dr=0 cl=0 cr=0 L=0 R=0 s1=0 s2=0 s3=0 s4=0 s5=0 s6=0 s7=0 s8=0 rx=165 txdrop=0
31984,38,0.0,0,18.0,0.0,0.0,0.0,0.5,0.004,0.0,1.62,2.5,5.603,-156.199,0.0,0.0,0.0,0,0,0,0,0.0,0.0,0.0,0.0,0.0,0.0,39006,39572,-566,0.0,0.0,0.0,0.0,0.0,0.0,0.0,0.0,0,0.0,line_missing,0,0,0,0,0,0,0,0,TRK tick=31984 exp_id=38 t_ms=0 run=0 ts=18.000 kp=0.500 ki=0.004 kd=0.000 st=0.000 lt=0.000 rt=0.000 la=0.000 ra=0.000 lse=0.000 rse=0.000 lso=0.000 rso=0.000 lc=39006 rc=39572 cd=-566 cde=0.000 cdo=0.000 lp=1.620 lpr=2.500 y=5.603 yr=-156.199 el=0.000 er=0.000 ed=0.000 dl=0 dr=0 cl=0 cr=0 L=0 R=0 s1=0 s2=0 s3=0 s4=0 s5=0 s6=0 s7=0 s8=0 rx=165 txdrop=0
32182,38,0.0,0,18.0,0.0,0.0,0.0,0.5,0.004,0.0,1.62,2.5,5.603,-156.199,0.0,0.0,0.0,0,0,0,0,0.0,0.0,0.0,0.0,0.0,0.0,39006,39572,-566,0.0,0.0,0.0,0.0,0.0,0.0,0.0,0.0,0,0.0,line_missing,0,0,0,0,0,0,0,0,TRK tick=32182 exp_id=38 t_ms=0 run=0 ts=18.000 kp=0.500 ki=0.004 kd=0.000 st=0.000 lt=0.000 rt=0.000 la=0.000 ra=0.000 lse=0.000 rse=0.000 lso=0.000 rso=0.000 lc=39006 rc=39572 cd=-566 cde=0.000 cdo=0.000 lp=1.620 lpr=2.500 y=5.603 yr=-156.199 el=0.000 er=0.000 ed=0.000 dl=0 dr=0 cl=0 cr=0 L=0 R=0 s1=0 s2=0 s3=0 s4=0 s5=0 s6=0 s7=0 s8=0 rx=165 txdrop=0
32379,38,0.0,0,18.0,0.0,0.0,0.0,0.5,0.004,0.0,1.62,2.5,5.603,-156.199,0.0,0.0,0.0,0,0,0,0,0.0,0.0,0.0,0.0,0.0,0.0,39006,39572,-566,0.0,0.0,0.0,0.0,0.0,0.0,0.0,0.0,0,0.0,line_missing,0,0,0,0,0,0,0,0,TRK tick=32379 exp_id=38 t_ms=0 run=0 ts=18.000 kp=0.500 ki=0.004 kd=0.000 st=0.000 lt=0.000 rt=0.000 la=0.000 ra=0.000 lse=0.000 rse=0.000 lso=0.000 rso=0.000 lc=39006 rc=39572 cd=-566 cde=0.000 cdo=0.000 lp=1.620 lpr=2.500 y=5.603 yr=-156.199 el=0.000 er=0.000 ed=0.000 dl=0 dr=0 cl=0 cr=0 L=0 R=0 s1=0 s2=0 s3=0 s4=0 s5=0 s6=0 s7=0 s8=0 rx=165 txdrop=0
