t_ms,t_s,yaw,yr,hi,hd,pc,ol,or,el,er,cum_el,cum_er,x_mm,y_mm,v_mps
0,0.0000,0.00,-0.10,0.0000,0,2,8,8,0,0,0,0,0.000,0.000,0.0000
122,0.1220,0.00,-0.10,0.0000,0,2,8,8,30,34,30,34,16.755,0.000,0.1373
126,0.1260,0.00,-0.00,0.0000,0,3,8,8,7,7,37,41,20.420,0.000,0.9163
229,0.2290,0.00,-0.10,-0.0000,0,4,8,8,45,45,82,86,43.982,0.000,0.2288
347,0.3470,0.10,-0.10,-0.0000,0,4,8,8,64,65,146,151,77.754,0.059,0.2862
356,0.3560,0.10,-0.10,-0.0000,0,5,8,8,2,1,148,152,78.540,0.060,0.0873
453,0.4530,0.30,2.10,-0.0000,-1,6,7,9,78,71,226,223,117.547,0.265,0.4021
575,0.5750,0.30,3.20,-0.0100,-1,7,7,9,82,82,308,305,160.482,0.489,0.3519
579,0.5790,0.30,2.60,-0.0100,-1,8,7,9,12,12,320,317,166.765,0.522,1.5708
665,0.6650,0.30,0.00,-0.0100,0,10,10,10,59,60,379,377,197.919,0.685,0.3623
859,0.8590,0.30,-1.10,-0.0200,0,10,10,10,93,93,472,470,246.613,0.940,0.2510
859,0.8590,0.30,-1.20,-0.0200,0,10,10,10,83,84,555,554,290.333,1.169,4.3720
1057,1.0570,0.30,-1.30,-0.0300,0,10,10,10,126,123,681,677,355.520,1.511,0.3292
1057,1.0570,0.30,-0.50,-0.0300,0,9,9,9,102,100,783,777,408.402,1.787,5.2883
1257,1.2570,0.70,0.00,-0.0300,0,9,9,9,124,123,907,900,473.062,2.577,0.3233
1257,1.2570,0.70,0.90,-0.0400,-1,9,8,10,90,87,997,987,519.397,3.144,4.6338
1457,1.4570,0.70,1.50,-0.0500,-1,9,8,10,116,119,1113,1106,580.915,3.895,0.3076
1458,1.4580,0.70,0.00,-0.0600,0,9,9,9,89,91,1202,1197,628.036,4.471,47.1239
1657,1.6570,0.70,-1.10,-0.0700,0,9,9,9,121,117,1323,1314,690.339,5.232,0.3131
1658,1.6580,0.70,-0.40,-0.0700,-1,9,8,10,89,88,1412,1402,736.674,5.798,46.3385
1857,1.8570,0.80,0.10,-0.0800,0,9,9,9,114,113,1526,1515,796.097,6.628,0.2986
1858,1.8580,0.80,-0.30,-0.0900,-1,9,8,10,88,86,1614,1601,841.646,7.264,45.5531
2057,2.0570,0.70,-0.60,-0.1000,0,9,9,9,121,121,1735,1722,904.996,8.038,0.3184
2058,2.0580,0.70,-0.20,-0.1100,-1,9,8,10,98,97,1833,1819,956.044,8.662,51.0509
2186,2.1860,0.80,0.10,-0.1200,-1,9,8,10,134,133,1967,1952,1025.937,9.638,0.5461
2191,2.1910,0.80,1.40,-0.1200,-1,10,9,11,3,4,1970,1956,1027.770,9.663,0.3665
2297,2.2970,1.00,0.20,-0.1300,0,9,9,9,117,117,2087,2073,1089.021,10.732,0.5779
2465,2.4650,1.00,-0.50,-0.1400,-1,9,8,10,126,119,2213,2192,1153.152,11.852,0.3818
2465,2.4650,1.00,-0.30,-0.1500,0,9,9,9,66,72,2279,2264,1189.275,12.482,3.6128
2504,2.5040,1.00,-0.20,-0.1600,0,10,10,10,10,12,2289,2276,1195.034,12.583,0.1477
2701,2.7010,0.70,-0.60,-0.1700,0,9,9,9,121,119,2410,2395,1257.861,13.351,0.3189
2702,2.7020,0.70,-0.90,-0.1800,-1,9,8,10,99,98,2509,2493,1309.432,13.981,51.5745
2826,2.8260,0.70,-1.00,-0.1900,0,8,8,8,107,114,2616,2607,1367.285,14.687,0.4666
2830,2.8300,0.70,-0.50,-0.1900,0,10,10,10,4,3,2620,2610,1369.117,14.710,0.4581
2925,2.9250,0.20,-2.70,-0.2000,1,10,11,9,88,95,2708,2705,1417.026,14.877,0.5043
3043,3.0430,0.10,-3.90,-0.1900,1,9,10,8,124,117,2832,2822,1480.120,14.987,0.5347
3051,3.0510,0.10,-4.70,-0.2000,1,10,11,9,8,7,2840,2829,1484.047,14.994,0.4909
3157,3.1570,0.10,1.70,-0.2000,-1,9,8,10,121,108,2961,2937,1543.999,15.099,0.5656
3275,3.2750,0.20,5.00,-0.1900,-2,8,6,10,115,126,3076,3063,1607.092,15.319,0.5347
3284,3.2840,0.20,7.50,-0.1900,-3,10,7,13,4,5,3080,3068,1609.448,15.327,0.2618
3389,3.3890,0.30,-1.80,-0.2000,0,9,9,9,99,115,3179,3183,1665.473,15.621,0.5336
3507,3.5070,0.10,-6.70,-0.2000,2,9,11,7,116,117,3295,3300,1726.472,15.727,0.5169
3516,3.5160,0.10,-10.30,-0.2000,3,11,14,8,2,2,3297,3302,1727.519,15.729,0.1164
3612,3.6120,-0.60,-3.60,-0.2000,1,10,11,9,117,94,3414,3396,1782.756,15.150,0.5754
3801,3.8010,1.00,0.00,-0.1800,1,9,10,8,132,121,3546,3517,1848.981,16.306,0.3505
3801,3.8010,1.00,3.00,-0.1900,-2,9,7,11,97,87,3643,3604,1897.145,17.147,4.8171
3930,3.9300,1.10,5.20,-0.2000,-2,9,7,11,102,122,3745,3726,1955.777,18.273,0.4546
3938,3.9380,1.10,5.60,-0.2100,-3,9,6,12,12,13,3757,3739,1962.321,18.398,0.8181
4004,4.0040,1.10,-0.30,-0.2200,0,11,11,11,52,62,3809,3801,1992.160,18.971,0.4522
4222,4.2220,0.30,-4.90,-0.2300,1,9,10,8,122,116,3931,3917,2054.468,19.298,0.2858
4222,4.2220,0.30,-1.60,-0.2400,0,9,9,9,114,103,4045,4020,2111.277,19.595,5.6810
4415,4.4150,0.70,-0.00,-0.2400,0,8,8,8,107,109,4152,4129,2167.822,20.286,0.2930
4416,4.4160,0.70,0.50,-0.2400,-1,8,7,9,82,79,4234,4208,2209.968,20.801,42.1497
4544,4.5440,0.70,0.90,-0.2500,-1,9,8,10,104,107,4338,4315,2265.204,21.476,0.4316
4548,4.5480,0.70,1.10,-0.2500,-1,10,9,11,16,17,4354,4332,2273.843,21.581,2.1598
4654,4.6540,0.50,0.00,-0.2600,-1,10,9,11,98,100,4452,4432,2325.677,22.034,0.4890
4841,4.8410,0.10,-0.60,-0.2600,0,9,9,9,114,118,4566,4550,2386.414,22.140,0.3248
4842,4.8420,0.10,0.10,-0.2600,0,9,9,9,87,85,4653,4635,2431.444,22.218,45.0295
4971,4.9710,0.10,0.60,-0.2600,0,9,9,9,111,117,4764,4752,2491.134,22.322,0.4627
4980,4.9800,0.10,0.70,-0.2600,0,10,10,10,8,9,4772,4761,2495.585,22.330,0.4945
5090,5.0900,-0.50,-1.10,-0.2500,1,9,10,8,101,110,4873,4871,2550.822,21.848,0.5022
5212,5.2120,-0.50,-2.10,-0.2400,0,9,9,9,112,103,4985,4974,2607.107,21.357,0.4614
5216,5.2160,-0.50,-2.40,-0.2400,1,9,10,8,16,16,5001,4990,2615.484,21.284,2.0944
5303,5.3030,-0.40,0.40,-0.2300,0,10,10,10,76,76,5077,5066,2655.277,21.006,0.4574
5496,5.4960,0.00,2.00,-0.2200,-1,9,8,10,115,111,5192,5177,2714.443,21.006,0.3066
5497,5.4970,0.00,1.20,-0.2300,0,9,9,9,89,92,5281,5269,2761.829,21.006,47.3857
5625,5.6250,0.00,0.60,-0.2200,0,9,9,9,111,114,5392,5383,2820.734,21.006,0.4602
5629,5.6290,0.00,-0.20,-0.2200,0,10,10,10,16,17,5408,5400,2829.373,21.006,2.1598
5724,5.7240,-0.60,-1.70,-0.2200,0,10,10,10,89,90,5497,5490,2876.233,20.515,0.4933
5842,5.8420,-0.60,-2.20,-0.2000,1,9,10,8,114,117,5611,5607,2936.705,19.882,0.5125
5850,5.8500,-0.60,-2.60,-0.2000,1,10,11,9,8,8,5619,5615,2940.894,19.838,0.5236
5956,5.9560,-0.70,-0.10,-0.1900,0,9,9,9,104,102,5723,5717,2994.820,19.179,0.5088
6074,6.0740,-0.70,1.10,-0.1800,1,9,10,8,114,111,5837,5828,3053.721,18.460,0.4992
6083,6.0830,-0.70,2.00,-0.1800,0,10,10,10,6,5,5843,5833,3056.600,18.424,0.3200
6188,6.1880,-0.60,-0.20,-0.1700,0,9,9,9,103,109,5946,5942,3112.099,17.843,0.5286
6307,6.3070,-0.70,-1.40,-0.1600,1,8,9,7,113,113,6059,6055,3171.261,17.120,0.4972
6315,6.3150,-0.70,-2.30,-0.1600,1,10,11,9,2,3,6061,6058,3172.570,17.104,0.1636
6373,6.3730,-0.70,-1.10,-0.1500,0,11,11,11,58,56,6119,6114,3202.413,16.740,0.5146
6522,6.5220,-0.50,-0.10,-0.1400,0,9,9,9,140,130,6259,6244,3273.096,16.123,0.4744
6522,6.5220,-0.50,1.70,-0.1300,-1,9,8,10,35,34,6294,6278,3291.159,15.965,1.8064
6640,6.6400,-0.10,3.10,-0.1300,-1,10,9,11,12,11,6306,6289,3297.181,15.955,0.0510
6640,6.6400,-0.10,-0.80,-0.1300,0,9,9,9,112,120,6418,6409,3357.918,15.849,6.0737
6759,6.7590,-0.30,-2.70,-0.1300,1,8,9,7,115,117,6533,6526,3418.655,15.531,0.5104
6767,6.7670,-0.30,-4.20,-0.1300,1,11,12,10,0,0,6533,6526,3418.655,15.531,0.0000
6874,6.8740,-0.20,0.70,-0.1200,0,9,9,9,122,110,6655,6636,3479.392,15.319,0.5676
6992,6.9920,-0.10,3.30,-0.1200,-2,9,7,11,123,114,6778,6750,3541.438,15.211,0.5258
7001,7.0010,-0.10,5.30,-0.1200,-2,10,8,12,7,8,6785,6758,3545.365,15.204,0.4363
7106,7.1060,0.10,0.30,-0.1200,0,9,9,9,97,110,6882,6868,3599.558,15.298,0.5161
7224,7.2240,0.00,-2.40,-0.1300,0,8,8,8,116,115,6998,6983,3660.033,15.298,0.5125
7233,7.2330,0.00,-4.40,-0.1300,2,10,12,8,5,4,7003,6987,3662.389,15.298,0.2618
7330,7.3300,0.10,-1.00,-0.1300,0,9,9,9,98,92,7101,7079,3712.131,15.385,0.5128
7452,7.4520,0.20,0.90,-0.1300,0,9,9,9,115,110,7216,7189,3771.036,15.591,0.4828
7456,7.4560,0.20,2.40,-0.1300,-1,9,8,10,17,16,7233,7205,3779.675,15.621,2.1598
7557,7.5570,0.40,1.50,-0.1400,-1,10,9,11,91,92,7324,7297,3827.583,15.955,0.4743
7675,7.6750,0.40,0.50,-0.1400,0,9,9,9,109,118,7433,7415,3887.010,16.370,0.5036
7684,7.6840,0.40,-0.30,-0.1500,0,10,10,10,4,5,7437,7420,3889.366,16.387,0.2618
7789,7.7890,-0.30,-1.30,-0.1400,0,9,9,9,108,109,7545,7529,3946.176,16.089,0.5411
7907,7.9070,-0.30,-1.70,-0.1400,1,8,9,7,114,114,7659,7643,4005.866,15.777,0.5058
7915,7.9150,-0.30,-2.00,-0.1400,1,11,12,10,2,1,7661,7644,4006.651,15.773,0.0982
8012,8.0120,-0.20,1.30,-0.1400,-1,10,9,11,107,102,7768,7746,4061.367,15.582,0.5641
8200,8.2000,-0.10,3.00,-0.1300,-1,8,7,9,121,126,7889,7872,4126.031,15.469,0.3440
8201,8.2010,-0.10,1.30,-0.1300,0,8,8,8,80,89,7969,7961,4170.275,15.391,44.2441
8329,8.3290,-0.10,0.10,-0.1300,0,9,9,9,113,103,8082,8064,4226.824,15.293,0.4418
8338,8.3380,-0.10,-0.10,-0.1300,-1,9,8,10,12,11,8094,8075,4232.845,15.282,0.6690
8448,8.4480,-0.00,1.20,-0.1300,0,9,9,9,113,110,8207,8185,4291.226,15.282,0.5307
8637,8.6370,0.10,1.90,-0.1300,-1,8,7,9,110,107,8317,8292,4348.037,15.381,0.3006
8637,8.6370,0.10,-0.50,-0.1300,0,9,9,9,72,78,8389,8370,4387.306,15.450,3.9270
8765,8.7650,0.10,-2.30,-0.1300,0,9,9,9,112,107,8501,8477,4444.640,15.550,0.4479
8774,8.7740,0.10,-2.80,-0.1300,1,10,11,9,4,4,8505,8481,4446.735,15.554,0.2327
8885,8.8850,-0.10,-2.10,-0.1300,1,9,10,8,109,110,8614,8591,4504.069,15.454,0.5165
9073,9.0730,0.30,-1.80,-0.1300,0,9,9,9,113,104,8727,8695,4560.879,15.751,0.3022
9073,9.0730,0.30,0.50,-0.1300,0,9,9,9,80,83,8807,8778,4603.551,15.974,4.2673
9202,9.2020,0.40,2.20,-0.1400,-1,9,8,10,105,108,8912,8886,4659.313,16.364,0.4323
9211,9.2110,0.40,2.70,-0.1400,-1,10,9,11,6,7,8918,8893,4662.716,16.388,0.3782
9315,9.3150,0.20,0.60,-0.1400,-1,10,9,11,94,99,9012,8992,4713.243,16.564,0.4858
9433,9.4330,0.10,-0.50,-0.1400,0,9,9,9,112,117,9124,9109,4773.195,16.669,0.5081
9442,9.4420,0.10,-1.30,-0.1400,1,10,11,9,6,6,9130,9115,4776.337,16.674,0.3491
9547,9.5470,-0.10,-1.10,-0.1400,0,9,9,9,107,105,9237,9220,4831.838,16.577,0.5286
9666,9.6660,-0.10,-0.90,-0.1300,1,8,9,7,111,108,9348,9328,4889.172,16.477,0.4818
9674,9.6740,-0.10,-0.70,-0.1300,0,10,10,10,3,3,9351,9331,4890.743,16.474,0.1963
9771,9.7710,-0.20,-0.90,-0.1300,0,10,10,10,91,93,9442,9424,4938.914,16.306,0.4966
9960,9.9600,-0.30,-1.00,-0.1300,1,9,10,8,110,113,9552,9537,4997.294,16.001,0.3089
9960,9.9600,-0.30,-0.20,-0.1200,0,9,9,9,85,81,9637,9618,5040.752,15.773,4.3459
