OL,OR,dp,el,er,hd,hi,m,pc,run,t,yaw,yr
0,0,0,0,0,0,0.00,S,0,1,0,0.0,0.0
98,98,0,0,0,0,0.00,S,98,1,212,0.0,0.0
98,98,0,0,0,0,0.00,S,98,1,212,0.0,0.0
93,93,0,42,39,0,0.00,S,93,1,334,0.0,0.0
98,98,0,1,2,0,0.00,S,98,1,339,0.0,0.0
-212,-214,0,72,74,1,0.00,S,-213,1,459,-0.1,-0.1
-121,-123,1,-89,-83,1,0.01,S,-122,1,581,-0.1,-0.2
-121,-123,1,-89,-83,1,0.01,S,-122,1,585,-0.1,-0.2
219,251,-14,-15,-14,-16,0.01,S,235,1,705,0.5,4.3
170,196,-10,134,167,-13,-0.05,S,183,1,826,0.6,3.0
167,193,-10,1,1,-13,-0.07,S,180,1,831,0.6,3.0
-437,-453,7,197,213,8,-0.07,S,-445,1,961,-0.4,-2.1
-210,-174,-20,-568,-523,-18,-0.03,S,-192,1,1173,-0.4,6.3
-210,-174,-20,-568,-523,-18,-0.03,S,-192,1,1173,-0.4,6.3
60,100,-8,-638,-627,-20,-0.11,S,1,1,1394,2.7,2.4
,,,-638,,,,S,,1,1394,,
88,72,4,-25,12,8,-0.03,S,4,1,1615,-0.8,-1.2
88,72,4,-25,12,8,-0.03,S,4,1,1616,-0.8,-1.2
-112,-48,-32,155,92,-32,-0.17,S,-15,1,1837,1.4,10.0
-112,-48,-32,155,92,-32,-0.17,S,-15,1,1837,1.4,10.0
99,61,27,-96,-39,19,-0.21,S,19,1,2058,1.6,-8.5
99,61,27,-96,-39,19,-0.21,S,19,1,2059,1.6,-8.5
112,48,69,10,19,32,-0.25,S,30,1,2190,0.4,-21.6
112,48,69,10,19,32,-0.25,S,30,1,2190,0.4,-21.6
-521,-449,-32,84,13,-36,-0.29,S,-485,1,2322,0.9,9.9
-521,-449,-32,84,13,-36,-0.29,S,-485,1,2323,0.9,9.9
-580,-390,-87,-420,-279,-95,-0.34,S,-485,1,2445,1.7,27.1
-507,-317,-87,-11,-6,-95,-0.36,S,-412,1,2450,1.7,27.1
600,568,58,-476,-278,32,-0.39,S,600,1,2578,5.3,-18.0
600,502,146,410,422,98,-0.70,S,600,1,2700,10.2,-45.8
600,502,146,410,422,98,-0.70,S,600,1,2704,10.2,-45.8
-300,-600,200,732,487,185,-0.91,S,-485,1,2824,6.6,-67.9
-291,-600,200,36,-282,194,-0.62,S,-485,1,2946,-9.7,-79.0
-291,-600,200,-1,-3,194,-0.53,S,-485,1,2950,-9.7,-79.0
-342,-600,81,-259,-647,143,-0.39,S,-485,1,3080,-13.3,-25.2
-557,-413,-119,-626,-1014,-72,-0.09,S,-485,1,3260,-10.0,37.1
-557,-413,-119,-626,-1014,-72,-0.09,S,-485,1,3260,-10.0,37.1
497,600,-134,-465,-431,-103,0.28,S,600,1,3360,-6.4,41.8
419,600,-147,650,951,-181,0.06,S,600,1,3572,7.3,46.1
419,600,-147,650,951,-181,0.06,S,600,1,3573,7.3,46.1
449,600,-69,1020,1586,-151,-0.46,S,600,1,3794,17.3,21.7
449,600,-69,1020,1586,-151,-0.46,S,600,1,3794,17.3,21.7
600,479,139,1061,1562,121,-0.57,S,600,1,4015,3.7,-43.4
600,479,139,1061,1562,121,-0.57,S,600,1,4016,3.7,-43.4
600,400,200,1470,1607,200,-0.10,S,600,1,4237,-15.7,-65.2
600,400,200,1470,1607,200,-0.10,S,600,1,4237,-15.7,-65.2
600,461,12,1591,1462,139,0.71,S,600,1,4458,-26.9,-3.6
600,461,12,1591,1462,139,0.71,S,600,1,4458,-26.9,-3.6
596,600,-119,1046,826,-4,1.43,S,600,1,4589,-24.1,37.1
596,600,-119,1046,826,-4,1.43,S,600,1,4590,-24.1,37.1
-600,-302,-200,955,831,-183,2.06,S,-485,1,4721,-20.5,88.0
-600,-337,-156,-433,-66,-148,2.18,S,-485,1,4933,-1.2,48.7
-600,-337,-156,-433,-66,-148,2.18,S,-485,1,4933,-1.2,48.7
-408,-562,116,-1187,-598,77,1.92,S,-485,1,5155,8.7,-36.3
-408,-562,116,-1187,-598,77,1.92,S,-485,1,5155,8.7,-36.3
-432,-538,23,-1119,-1167,53,2.10,S,-485,1,5376,-5.9,-7.1
-432,-538,23,-2,-3,53,2.28,S,-485,1,5377,-5.9,-7.1
-533,-437,-47,-1159,-1305,-48,2.21,S,-485,1,5597,0.7,14.5
-533,-437,-47,-1159,-1305,-48,2.21,S,-485,1,5598,0.7,14.5
-575,-395,-82,-779,-750,-90,2.14,S,-485,1,5729,2.1,25.6
-575,-395,-82,-779,-750,-90,2.14,S,-485,1,5729,2.1,25.6
600,547,49,-747,-612,53,2.09,S,600,1,5861,-0.4,-15.3
600,547,49,-747,-612,53,2.09,S,600,1,5862,-0.4,-15.3
600,595,-23,783,831,5,2.26,S,600,1,6074,-5.6,7.3
,,,783,,,,S,,1,6074,,
600,559,19,1470,1512,41,2.38,S,600,1,6296,-4.1,-5.9
600,559,19,1470,1512,41,2.38,S,600,1,6296,-4.1,-5.9
597,600,-23,1443,1446,-3,2.50,S,600,1,6517,-3.8,7.1
,,,4,,,,S,,1,6517,,
578,600,-25,1668,1656,-22,2.63,S,600,1,6738,-0.2,7.9
578,600,-25,1668,1656,-22,2.63,S,600,1,6738,-0.2,7.9
600,568,24,1765,1819,32,2.75,S,600,1,6959,-1.1,-7.6
600,568,24,1765,1819,32,2.75,S,600,1,6959,-1.1,-7.6
600,538,32,1766,1825,62,2.92,S,600,1,7179,-5.8,-10.0
600,538,32,1766,1825,62,2.92,S,600,1,7179,-5.8,-10.0
600,560,5,1799,1772,40,3.12,S,600,1,7400,-6.7,-1.5
600,560,5,1799,1772,40,3.12,S,600,1,7400,-6.7,-1.5
579,600,-37,1762,1695,-21,3.20,S,600,1,7613,-2.6,11.4
579,600,-37,1762,1695,-21,3.20,S,600,1,7613,-2.6,11.4
521,521,-10,1772,1798,0,3.34,S,521,1,7834,-1.5,3.1
521,521,-10,1772,1798,0,3.34,S,521,1,7835,-1.5,3.1
386,288,23,1678,1736,49,3.49,S,337,1,8056,-4.8,-7.0
386,288,23,1678,1736,49,3.49,S,337,1,8056,-4.8,-7.0
237,307,-57,1362,1242,-35,3.61,S,272,1,8277,-4.0,17.9
237,307,-57,1362,1242,-35,3.61,S,272,1,8277,-4.0,17.9
250,452,-114,602,586,-101,3.67,S,351,1,8408,-2.0,35.5
250,452,-114,602,586,-101,3.67,S,351,1,8408,-2.0,35.5
-487,-483,-9,583,691,-2,3.72,S,-485,1,8540,-0.7,2.8
-487,-483,-9,583,691,-2,3.72,S,-485,1,8540,-0.7,2.8
-363,-600,72,-430,-326,122,4.02,S,-485,1,8753,-9.9,-22.5
-363,-600,72,-430,-326,122,4.02,S,-485,1,8753,-9.9,-22.5
-462,-508,-24,-801,-1145,23,4.30,S,-485,1,8974,-9.3,7.6
-462,-508,-24,-801,-1145,23,4.30,S,-485,1,8975,-9.3,7.6
-526,-444,-44,-1152,-1266,-41,4.27,S,-485,1,9195,0.3,13.7
-526,-444,-44,-1152,-1266,-41,4.27,S,-485,1,9196,0.3,13.7
-541,-429,-55,-791,-749,-56,4.17,S,-485,1,9327,1.0,17.2
-541,-429,-55,-791,-749,-56,4.17,S,-485,1,9327,1.0,17.2
600,536,48,-735,-621,64,4.08,S,600,1,9459,-2.6,-15.0
600,536,48,-735,-621,64,4.08,S,600,1,9460,-2.6,-15.0
600,478,74,808,756,122,4.35,S,600,1,9672,-9.2,-23.2
600,478,74,808,756,122,4.35,S,600,1,9673,-9.2,-23.2
600,400,156,1534,1121,200,4.99,S,600,1,9894,-21.4,-48.7
600,400,156,1534,1121,200,4.99,S,600,1,9894,-21.4,-48.7
600,400,112,1419,1153,200,6.07,S,600,1,10115,-35.8,-34.9
600,400,112,1419,1153,200,6.07,S,600,1,10115,-35.8,-34.9
600,586,-113,1531,1237,14,6.83,S,600,1,10336,-25.4,35.2
600,586,-113,1531,1237,14,6.83,S,600,1,10336,-25.4,35.2
400,600,-200,1400,1478,-200,7.02,S,600,1,10557,-6.2,91.5
400,600,-200,1400,1478,-200,7.02,S,600,1,10557,-6.2,91.5
400,600,-200,1161,1698,-200,6.62,S,600,1,10778,13.1,170.0
400,600,-200,1161,1698,-200,6.62,S,600,1,10779,13.1,170.0
400,600,-200,1181,1893,-200,5.65,S,600,1,10991,32.3,197.7
400,600,-200,1181,1893,-200,5.65,S,600,1,10991,32.3,197.7
400,600,-200,679,1091,-200,4.11,S,600,1,11114,51.6,192.4
400,600,-200,14,23,-200,3.55,S,600,1,11118,51.6,192.4
302,600,-200,500,837,-200,2.98,S,502,1,11239,55.2,117.3
290,600,-104,669,1602,-194,0.74,S,484,1,11451,74.5,32.6
290,600,-104,669,1602,-194,0.74,S,484,1,11452,74.5,32.6
343,511,200,757,1593,-84,-2.07,S,427,1,11673,93.9,-112.2
343,511,200,757,1593,-84,-2.07,S,427,1,11673,93.9,-112.2
490,210,200,776,1644,140,-4.31,S,350,1,11894,74.6,-225.8
490,210,200,776,1644,140,-4.31,S,350,1,11895,74.6,-225.8
553,237,200,597,644,158,-5.98,S,395,1,12026,55.4,-287.4
553,237,200,597,644,158,-5.98,S,395,1,12026,55.4,-287.4
-291,-600,200,763,596,194,-7.42,S,-485,1,12158,51.8,-265.1
-291,-600,200,-175,-507,194,-8.39,S,-485,1,12370,32.5,-170.6
-291,-600,200,-175,-507,194,-8.39,S,-485,1,12370,32.5,-170.6
-181,-333,147,-707,-1191,76,-8.79,S,-257,1,12592,13.3,-45.9
-181,-333,147,-707,-1191,76,-8.79,S,-257,1,12592,13.3,-45.9
-48,-112,67,-482,-779,32,-8.61,S,-7,1,12813,-6.2,-21.0
-48,-112,67,-482,-779,32,-8.61,S,-7,1,12814,-6.2,-21.0
112,48,36,-7,-45,32,-7.84,S,32,1,12945,-25.6,-11.2
112,48,36,-7,-45,32,-7.84,S,32,1,12945,-25.6,-11.2
-48,-112,-13,67,35,32,-7.14,S,-67,1,13069,-29.2,4.0
-48,-112,-13,67,35,32,-7.14,S,-67,1,13069,-29.2,4.0
-48,-112,-4,-21,-70,32,-5.69,S,-14,1,13291,-48.5,1.3
-48,-112,-4,-21,-70,32,-5.69,S,-14,1,13291,-48.5,1.3
112,48,-2,0,0,32,-3.91,S,14,1,13512,-59.1,0.6
112,48,-2,0,0,32,-3.91,S,14,1,13513,-59.1,0.6
112,48,-26,114,66,32,-2.21,S,15,1,13733,-56.7,8.3
112,48,-26,114,66,32,-2.21,S,15,1,13734,-56.7,8.3
112,48,-133,250,97,32,-0.66,S,2,1,13954,-51.7,41.5
112,48,-133,250,97,32,-0.66,S,2,1,13955,-51.7,41.5
95,65,-200,240,16,15,0.79,S,5,1,14085,-48.3,66.6
,,,240,,,,S,,1,14086,,
-205,-277,-176,157,45,36,2.04,S,-241,1,14217,-44.7,55.0
-134,-84,-147,-179,-269,-25,2.81,S,-109,1,14339,-25.5,46.1
-134,-84,-147,-179,-269,-25,2.81,S,-109,1,14344,-25.5,46.1
64,142,-145,-24,20,-39,3.34,S,103,1,14473,-21.9,45.4
48,112,-152,77,196,-32,3.68,S,73,1,14595,-11.4,47.6
53,123,-152,1,2,-35,3.79,S,88,1,14599,-11.4,47.6
-329,-239,-85,61,159,-45,3.90,S,-284,1,14719,-7.8,26.6
-174,-122,-48,-271,-165,-26,4.02,S,-148,1,14841,-3.8,15.1
-174,-122,-48,-271,-165,-26,4.02,S,-148,1,14845,-3.8,15.1
-58,-102,5,-14,35,22,4.10,S,-63,1,14975,-2.8,-1.5
-82,-78,-20,-49,-79,-2,4.18,S,-19,1,15187,-2.9,6.1
78,82,-20,-1,0,-2,4.27,S,1,1,15187,-2.9,6.1
85,75,-9,70,73,5,4.33,S,3,1,15407,-2.1,2.8
85,75,-9,70,73,5,4.33,S,3,1,15408,-2.1,2.8
-106,-54,-32,134,92,-26,4.36,S,-1,1,15628,-0.3,10.0
-106,-54,-32,134,92,-26,4.36,S,-1,1,15629,-0.3,10.0
112,48,24,-89,-35,32,4.49,S,36,1,15850,-1.3,-7.5
,,,-89,,,,S,,1,15850,,
62,98,-31,81,30,-18,4.55,S,38,1,16071,-1.8,9.8
62,98,-31,81,30,-18,4.55,S,38,1,16072,-1.8,9.8
84,76,1,133,136,4,4.51,S,24,1,16293,0.4,-0.3
84,76,1,133,136,4,4.51,S,24,1,16293,0.4,-0.3
106,54,21,86,96,26,4.52,S,27,1,16424,-0.1,-6.6
106,54,21,86,96,26,4.52,S,27,1,16424,-0.1,-6.6
-263,-265,-7,98,74,1,4.54,S,-264,1,16556,-0.8,2.1
,,,0,,,,S,,1,16557,,
-119,-89,-22,-59,-56,-15,4.68,S,-104,1,16679,-0.6,6.9
-119,-89,-22,-59,-56,-15,4.68,S,-104,1,16684,-0.6,6.9
128,146,-15,-11,3,-9,4.71,S,137,1,16813,-0.3,4.6
85,89,-9,215,218,-2,4.75,S,87,1,17025,-0.3,2.7
85,89,-9,215,218,-2,4.75,S,87,1,17025,-0.3,2.7
79,81,-6,234,224,-1,4.74,S,52,1,17237,0.0,1.8
79,81,-6,234,224,-1,4.74,S,52,1,17238,0.0,1.8
77,83,-5,182,178,-3,4.70,S,40,1,17450,0.5,1.7
77,83,-5,182,178,-3,4.70,S,40,1,17450,0.5,1.7
76,84,-6,179,174,-4,4.63,S,33,1,17672,0.7,1.8
76,84,-6,179,174,-4,4.63,S,33,1,17672,0.7,1.8
75,85,-6,106,101,-5,4.56,S,44,1,17803,0.7,1.9
75,85,-6,106,101,-5,4.56,S,44,1,17803,0.7,1.9
-469,-455,-6,117,114,-7,4.49,S,-462,1,17935,1.1,2.0
-469,-455,-6,117,114,-7,4.49,S,-462,1,17936,1.1,2.0
-208,-216,-6,-563,-568,4,4.60,S,-212,1,18148,-1.1,1.8
-208,-216,-6,-563,-568,4,4.60,S,-212,1,18149,-1.1,1.8
-73,-87,-1,-700,-693,7,4.66,S,-11,1,18370,-0.6,0.2
-73,-87,-1,-700,-693,7,4.66,S,-11,1,18370,-0.6,0.2
78,82,-12,-261,-263,-2,4.76,S,35,1,18591,-1.0,3.7
78,82,-12,-261,-263,-2,4.76,S,35,1,18592,-1.0,3.7
80,80,-8,57,57,0,4.83,S,4,1,18812,-0.7,2.5
80,80,-8,57,57,0,4.83,S,4,1,18812,-0.7,2.5
-79,-81,-7,77,79,1,4.90,S,-16,1,18943,-0.6,2.2
-79,-81,-7,77,79,1,4.90,S,-16,1,18944,-0.6,2.2
162,156,-5,-24,-27,3,4.95,S,159,1,19075,-0.7,1.6
129,117,-2,78,69,6,5.02,S,123,1,19197,-0.7,0.8
129,117,-2,78,69,6,5.02,S,123,1,19202,-0.7,0.8
-461,-509,14,98,101,24,5.07,S,-485,1,19331,-1.2,-4.3
-565,-405,-67,-706,-568,-80,4.95,S,-485,1,19543,4.0,20.8
-565,-405,-67,-706,-568,-80,4.95,S,-485,1,19543,4.0,20.8
-480,-490,21,-1198,-1042,5,4.82,S,-485,1,19756,4.3,-6.5
-480,-490,21,-1198,-1042,5,4.82,S,-485,1,19756,4.3,-6.5
-422,-548,44,-1269,-1163,63,4.91,S,-485,1,19969,-3.1,-13.7
-422,-548,44,-1269,-1163,63,4.91,S,-485,1,19969,-3.1,-13.7
-502,-468,-31,-1258,-1347,-17,4.97,S,-485,1,20190,-1.9,9.6
-502,-468,-31,-1258,-1347,-17,4.97,S,-485,1,20191,-1.9,9.6
-492,-478,-8,-1326,-1308,-7,4.89,S,-485,1,20411,0.8,2.5
-492,-478,-8,-1326,-1308,-7,4.89,S,-485,1,20412,0.8,2.5
-432,-538,48,-827,-769,53,4.89,S,-485,1,20543,0.0,-15.1
-432,-538,48,-827,-769,53,4.89,S,-485,1,20543,0.0,-15.1
600,569,10,-705,-721,31,4.90,S,600,1,20674,-3.6,-3.0
600,596,-20,253,220,4,5.02,S,600,1,20796,-4.1,6.4
600,596,-20,3,3,4,5.06,S,600,1,20801,-4.1,6.4
-453,-517,15,830,778,32,5.10,S,-485,1,20930,-2.5,-4.7
-445,-525,22,-93,-70,40,5.18,S,-485,1,21052,-2.8,-6.9
-445,-525,22,-93,-70,40,5.18,S,-485,1,21056,-2.8,-6.9
573,600,-28,-429,-489,-27,5.22,S,600,1,21176,0.8,8.9
523,600,-48,891,909,-77,5.01,S,600,1,21388,7.2,15.0
523,600,-48,891,909,-77,5.01,S,600,1,21388,7.2,15.0
600,520,87,1310,1434,80,4.94,S,600,1,21609,2.4,-27.1
600,520,87,1310,1434,80,4.94,S,600,1,21610,2.4,-27.1
600,411,181,807,879,189,5.00,S,600,1,21741,-0.6,-56.4
600,411,181,807,879,189,5.00,S,600,1,21741,-0.6,-56.4
-381,-589,79,802,773,104,5.06,S,-485,1,21874,-4.2,-24.7
-381,-589,79,802,773,104,5.06,S,-485,1,21874,-4.2,-24.7
-380,-590,56,-136,-532,105,5.34,S,-485,1,22086,-9.3,-17.4
-380,-590,56,-2,-3,105,5.62,S,-485,1,22087,-9.3,-17.4
-373,-597,48,-728,-1175,112,5.99,S,-485,1,22308,-12.2,-15.2
-373,-597,48,-728,-1175,112,5.99,S,-485,1,22309,-12.2,-15.2
-565,-405,-104,-1028,-1312,-80,6.10,S,-485,1,22530,-3.8,32.5
-565,-405,-104,-1028,-1312,-80,6.10,S,-485,1,22530,-3.8,32.5
-600,-293,-200,-747,-741,-192,6.14,S,-485,1,22661,-0.4,62.6
-600,-293,-200,-747,-741,-192,6.14,S,-485,1,22662,-0.4,62.6
600,544,46,-760,-526,56,6.18,S,600,1,22793,-0.9,-14.4
600,512,18,745,843,88,6.58,S,600,1,23005,-13.3,-5.8
600,512,18,745,843,88,6.58,S,600,1,23006,-13.3,-5.8
600,534,9,1412,1341,66,6.90,S,600,1,23227,-10.7,-2.8
600,534,9,1412,1341,66,6.90,S,600,1,23227,-10.7,-2.8
600,526,1,1446,1334,74,7.31,S,600,1,23448,-13.9,-0.4
600,526,1,1446,1334,74,7.31,S,600,1,23449,-13.9,-0.4
600,589,-45,1657,1564,11,7.62,S,600,1,23669,-10.3,14.1
600,589,-45,1657,1564,11,7.62,S,600,1,23670,-10.3,14.1
570,600,-79,1060,1006,-30,7.89,S,600,1,23801,-8.9,24.8
570,600,-79,1060,1006,-30,7.89,S,600,1,23801,-8.9,24.8
-510,-460,-58,944,935,-25,8.12,S,-485,1,23933,-5.3,18.0
-510,-460,-58,944,935,-25,8.12,S,-485,1,23934,-5.3,18.0
-459,-511,4,-278,-170,26,8.20,S,-485,1,24146,-2.8,-1.4
-459,-511,4,-278,-170,26,8.20,S,-485,1,24146,-2.8,-1.4
-491,-479,-25,-902,-886,-6,8.27,S,-485,1,24368,-2.4,7.9
-491,-479,-25,-902,-886,-6,8.27,S,-485,1,24368,-2.4,7.9
-444,-526,23,-1223,-1195,41,8.34,S,-485,1,24589,-2.1,-7.1
-444,-526,23,-1223,-1195,41,8.34,S,-485,1,24589,-2.1,-7.1
-446,-524,19,-738,-783,39,8.42,S,-485,1,24720,-2.6,-5.8
-446,-524,19,-738,-783,39,8.42,S,-485,1,24721,-2.6,-5.8
584,600,-20,-667,-717,-16,8.47,S,600,1,24852,0.9,6.3
400,600,-168,727,868,-200,8.11,S,600,1,25065,12.1,52.4
400,600,-168,727,868,-200,8.11,S,600,1,25065,12.1,52.4
400,600,-105,949,1568,-200,7.23,S,600,1,25286,29.1,32.7
400,600,-105,3,3,-200,6.36,S,600,1,25287,29.1,32.7
533,600,50,1004,1503,-67,5.58,S,600,1,25508,26.1,-15.5
533,600,50,1004,1503,-67,5.58,S,600,1,25508,26.1,-15.5
600,523,179,756,994,77,4.90,S,600,1,25640,22.8,-56.0
600,523,179,756,994,77,4.90,S,600,1,25640,22.8,-56.0
-291,-600,200,773,913,194,4.30,S,-485,1,25772,19.2,-90.9
-291,-600,200,2,-345,194,4.30,S,-485,1,25984,-0.0,-65.5
-291,-600,200,2,-345,194,4.30,S,-485,1,25984,-0.0,-65.5
-456,-514,-48,-530,-1093,29,4.76,S,-485,1,26205,-15.2,14.9
-456,-514,-48,-530,-1093,29,4.76,S,-485,1,26206,-15.2,14.9
-580,-390,-86,-1039,-1229,-95,4.67,S,-485,1,26427,2.9,26.9
-580,-390,-86,-1039,-1229,-95,4.67,S,-485,1,26427,2.9,26.9
-409,-561,68,-1424,-1200,76,4.74,S,-485,1,26648,-0.7,-21.4
-409,-561,68,-1424,-1200,76,4.74,S,-485,1,26648,-0.7,-21.4
-299,-600,163,-811,-789,186,4.85,S,-485,1,26779,-3.8,-50.9
-299,-600,163,-811,-789,186,4.85,S,-485,1,26780,-3.8,-50.9
558,600,-59,-555,-758,-42,4.95,S,600,1,26912,-2.6,18.4
400,600,-200,788,810,-200,4.45,S,600,1,27124,16.7,65.8
400,600,-200,788,810,-200,4.45,S,600,1,27124,16.7,65.8
400,600,-70,1035,1489,-200,3.55,S,600,1,27346,30.2,22.0
400,600,-70,1035,1489,-200,3.55,S,600,1,27346,30.2,22.0
600,520,161,980,1509,80,3.01,S,600,1,27567,17.9,-50.3
600,520,161,980,1509,80,3.01,S,600,1,27568,17.9,-50.3
600,400,200,1386,1672,200,3.06,S,600,1,27789,-1.5,-84.2
600,400,200,1386,1672,200,3.06,S,600,1,27789,-1.5,-84.2
600,400,115,1534,1524,200,3.68,S,600,1,28009,-21.0,-35.9
600,400,115,1534,1524,200,3.68,S,600,1,28010,-21.0,-35.9
498,600,-155,1692,1304,-102,4.00,S,600,1,28230,-10.5,48.4
498,600,-155,1692,1304,-102,4.00,S,600,1,28230,-10.5,48.4
400,600,-200,1663,1528,-200,3.74,S,600,1,28451,8.8,82.3
400,600,-200,1663,1528,-200,3.74,S,600,1,28451,8.8,82.3
400,600,-200,825,880,-200,2.99,S,600,1,28573,25.0,90.9
400,600,-200,22,24,-200,2.72,S,600,1,28578,25.0,90.9
-600,-366,8,732,901,-119,2.45,S,-485,1,28707,27.6,-2.6
-348,-600,174,-647,6,137,2.20,S,-485,1,28919,8.3,-54.4
-348,-600,174,-647,6,137,2.20,S,-485,1,28920,8.3,-54.4
-343,-600,92,-828,-956,142,2.50,S,-485,1,29132,-10.1,-28.7
-343,-600,92,-828,-956,142,2.50,S,-485,1,29132,-10.1,-28.7
-348,-402,-20,-517,-699,27,2.79,S,-375,1,29255,-9.5,6.3
-156,-210,-20,-8,-11,27,2.89,S,-183,1,29259,-9.5,6.3
430,600,-174,-76,-163,-143,2.98,S,573,1,29380,-5.9,54.4
235,547,-200,372,499,-156,2.69,S,391,1,29502,9.5,73.1
235,547,-200,372,499,-156,2.69,S,391,1,29506,9.5,73.1
-553,-417,-9,215,391,-68,2.48,S,-485,1,29627,13.1,2.9
-477,-493,20,-789,-274,8,2.38,S,-485,1,29839,3.2,-6.3
-477,-493,20,-789,-274,8,2.38,S,-485,1,29839,3.2,-6.3
-440,-530,56,-606,-515,45,2.30,S,-485,1,29962,2.8,-17.4
-440,-530,56,-606,-515,45,2.30,S,-485,1,29966,2.8,-17.4
600,449,145,-602,-596,151,2.25,S,600,1,30088,-0.8,-45.4
519,600,-63,744,593,-81,2.13,S,600,1,30300,4.2,19.8
519,600,-63,744,593,-81,2.13,S,600,1,30301,4.2,19.8
600,400,200,1332,1212,200,2.24,S,600,1,30521,-1.2,-62.8
600,400,200,1332,1212,200,2.24,S,600,1,30521,-1.2,-62.8
600,400,125,1323,1249,200,2.86,S,600,1,30743,-20.4,-39.0
600,400,125,1323,1249,200,2.86,S,600,1,30743,-20.4,-39.0
517,600,-130,1584,1259,-83,3.14,S,600,1,30964,-9.3,40.6
517,600,-130,1584,1259,-83,3.14,S,600,1,30965,-9.3,40.6
400,600,-193,1682,1517,-200,2.83,S,600,1,31186,10.1,60.5
400,600,-193,1682,1517,-200,2.83,S,600,1,31186,10.1,60.5
600,595,78,1430,1683,5,2.35,S,600,1,31406,16.0,-24.3
600,595,78,3,5,5,1.87,S,600,1,31407,16.0,-24.3
600,380,200,1361,1744,200,1.98,S,580,1,31619,-3.5,-87.8
600,380,200,1361,1744,200,1.98,S,580,1,31620,-3.5,-87.8
528,226,200,1481,1157,151,2.66,S,377,1,31840,-22.9,-125.8
528,226,200,1481,1157,151,2.66,S,377,1,31841,-22.9,-125.8
447,191,200,1116,586,128,3.93,S,319,1,32054,-42.3,-112.2
